emp_id,address,city,phone,email,gender,age
1,40 Elka Alley,Torslanda,305-478-4241,ohenmarsh0@si.edu,F,59
2,45 Sheridan Circle,Chernukha,250-124-9546,bbeves1@pbs.org,M,42
3,657 Merry Pass,Buenavista,792-695-5893,aferschke2@scribd.com,F,39
4,6 Ohio Trail,Quitilipi,303-121-3063,agoodhay3@sogou.com,M,38
5,7 Bowman Trail,Bonabéri,308-732-6855,spinare4@xing.com,F,44
6,67 Portage Road,Licheng,889-921-6966,bderisley5@liveinternet.ru,M,52
7,57855 Judy Circle,Uničov,263-886-6228,crelton6@hubpages.com,M,62
8,92302 Ramsey Plaza,Gualmatán,615-926-7219,dgoodie7@mlb.com,M,49
9,06 Elka Pass,Arcossó,684-109-6765,lcumo8@wsj.com,M,31
10,65 Cambridge Hill,Humble,281-652-2410,gdomotor9@diigo.com,F,89
11,7763 Glendale Drive,Labansari,626-122-0749,mkleinplatza@typepad.com,F,67
12,20436 Pond Terrace,Hudlice,602-931-3232,sadsheadb@yale.edu,M,43
13,30124 Coolidge Trail,Igcocolo,976-413-2889,lgascoyenc@dedecms.com,M,78
14,133 Ridgeview Way,Cafe,784-896-6392,ptailld@ning.com,F,81
15,5515 Saint Paul Parkway,Jihui,452-586-3784,vegelle@reuters.com,F,73
16,81 Stang Road,Kalamangog,293-112-6602,rguiraudf@weibo.com,F,38
17,21 Elka Trail,Menglie,446-440-1000,clampettg@smugmug.com,F,59
18,7769 Northwestern Lane,Horta,496-758-5964,dwadlowh@mapy.cz,M,67
19,507 Dennis Lane,Borgustanskaya,235-496-1862,pdarvillei@netvibes.com,F,87
20,62437 Wayridge Place,Khairpur Nathan Shāh,877-886-8925,spetraccoj@cloudflare.com,F,21
21,64 Declaration Crossing,Yingtan,484-832-6438,asynckek@google.es,F,32
22,6 Columbus Circle,Moncada,486-966-0624,kaspdenl@i2i.jp,F,38
23,26275 Debs Park,San Simon,365-807-0172,slekeuxm@newsvine.com,F,54
24,44596 Westerfield Junction,Lewokluok,742-653-9487,tgumlyn@gravatar.com,M,29
25,19673 Schurz Road,Paços de Ferreira,597-372-9228,krutheno@fotki.com,M,20
26,85 Mifflin Circle,Oslo,680-200-1840,ecowenp@bravesites.com,M,53
27,7 Jenifer Plaza,Belford Roxo,446-366-7195,ktemblettq@ifeng.com,M,50
28,68 Swallow Place,Ramos,970-400-9141,jcapaldor@friendfeed.com,F,66
29,85899 Morning Pass,Barrinha,796-608-9553,jkindlesides@bbc.co.uk,F,74
30,3 Dixon Pass,Warmare,719-453-7143,sperellot@pbs.org,F,71
31,1 Lotheville Street,Fullerton,714-664-8954,ggalfouru@wordpress.org,F,82
32,54803 Donald Terrace,Tarbes,198-473-3286,bstebbingv@tiny.cc,M,67
33,90638 Summit Alley,Nonoichi,910-946-1914,zgoughw@alexa.com,M,43
34,83 Sachs Pass,Alegrete,202-559-5241,bebrallx@php.net,F,86
35,7 Karstens Place,Huiwen,201-597-1529,dstrelitzkiy@army.mil,F,42
36,996 Fair Oaks Circle,Barurao,120-647-9620,tdunbabinz@jugem.jp,M,35
37,058 Mcguire Plaza,Lille,503-800-3852,kjansky10@latimes.com,F,64
38,04043 Kinsman Junction,Czarna Białostocka,364-767-8943,tantonsen11@angelfire.com,M,68
39,05557 Barnett Parkway,Clermont-Ferrand,283-228-8900,llandsman12@paginegialle.it,F,44
40,75210 Di Loreto Court,Alak,841-170-9840,wtillyer13@weebly.com,M,42
41,55363 Kings Alley,Rakhiv,933-547-7342,rmalyj14@blogspot.com,M,43
42,04560 Dexter Place,Mâcon,934-868-8843,ghessle15@hugedomains.com,F,65
43,9 Sullivan Circle,Jiyizhuang,744-265-0198,tdevaan16@netvibes.com,M,45
44,63 Butternut Junction,Ciudad del Este,114-283-9129,acabotto17@europa.eu,F,77
45,3 Hallows Point,Sarapul,593-241-0674,jgiblin18@senate.gov,F,42
46,4964 Summit Court,Groningen,432-185-0233,hventum19@mashable.com,F,42
47,4 Oak Pass,Abade de Neiva,834-972-0353,lknobell1a@amazon.de,F,49
48,2 Atwood Way,Boynton Beach,561-484-8417,lgriffithe1b@howstuffworks.com,M,41
49,4 Springs Park,Pasirtujuhpuluh,818-121-9150,eahrenius1c@samsung.com,M,50
50,400 Grim Parkway,Lobitos,339-650-6629,rburrill1d@spotify.com,M,32
51,7076 Clemons Parkway,Miskolc,111-587-5730,rsiemandl1e@last.fm,M,46
52,864 Melody Way,Gaoshibei,952-252-8095,rsaull1f@dell.com,F,88
53,6101 Ryan Circle,Pointe-Noire,163-256-8029,jcardiff1g@paginegialle.it,M,45
54,9263 Debra Circle,Sentul,181-637-2442,bcarlon1h@cafepress.com,F,61
55,079 Dryden Circle,Jiufeng,393-293-2227,cguerola1i@census.gov,F,44
56,37 Morrow Point,Kallithéa,894-951-5328,ctambling1j@google.co.jp,F,49
57,88355 Center Drive,Kiuruvesi,542-622-1443,tbagley1k@rediff.com,M,83
58,77 Fuller Way,‘Akko,991-335-1329,ctrusler1l@virginia.edu,M,63
59,1262 Sloan Circle,Česká Skalice,696-334-3477,caxleby1m@wikia.com,F,54
60,8844 Lindbergh Pass,Orléans,921-939-5190,shandaside1n@constantcontact.com,F,36
61,4918 Sundown Place,Al Qardāḩah,348-642-2272,bdibiagi1o@digg.com,F,76
62,75923 Maple Hill,Norton,891-940-8727,oheers1p@apache.org,M,88
63,9108 Merry Junction,Choros,668-698-6050,vdemongeot1q@newsvine.com,M,54
64,94 Express Junction,Wuluhan,319-420-2156,rondrich1r@google.es,F,29
65,4 Anderson Road,Póvoa,742-105-7358,gcarlos1s@nymag.com,M,71
66,5067 Bobwhite Park,Limbuš,209-925-4056,ckatte1t@mit.edu,F,80
67,7907 Bluejay Hill,Cambridge,338-929-9005,lcarlesso1u@hhs.gov,M,23
68,5 Hoffman Center,Volnovakha,443-126-2920,ggowland1v@businessweek.com,M,85
69,0 Hagan Lane,Damao,631-277-4001,gpischel1w@squidoo.com,M,70
70,16 Sommers Avenue,Siverskiy,134-366-3641,bgrubb1x@smugmug.com,M,51
71,16 North Crossing,Vostochnyy,494-166-1567,afronczak1y@altervista.org,M,76
72,88 Meadow Valley Alley,Moca,189-366-4328,jpovey1z@usgs.gov,M,80
73,484 Farragut Lane,Tovarnik,539-140-5043,fisoldi20@forbes.com,M,28
74,92 Bonner Street,La Rochelle,803-818-8493,tteodorski21@archive.org,F,56
75,9220 Anhalt Way,Xilanqi,922-627-6958,amarioneau22@people.com.cn,F,47
76,51420 Atwood Trail,Victoria,605-551-7569,laveline23@yale.edu,F,43
77,68370 Marquette Drive,Bromma,528-475-3788,dcasford24@joomla.org,F,61
78,8791 Eliot Junction,Svorónos,818-604-1044,fscurrey25@vimeo.com,M,22
79,293 Gerald Way,Bitanjuan,903-789-7178,aetches26@ucoz.com,M,20
80,4612 Chinook Drive,Kletek,837-691-7042,twagner27@usgs.gov,F,60
81,0 Waywood Court,Sucre,195-457-9919,dschrinel28@gravatar.com,M,66
82,7822 Sundown Park,Stegna,255-924-6952,lblas29@github.io,M,37
83,2 Donald Junction,Boevange-sur-Attert,351-886-7865,dbenoiton2a@webs.com,F,83
84,6 Reinke Parkway,Yeroẖam,890-297-6145,hwebber2b@forbes.com,F,27
85,5 Vernon Trail,Huazhou,308-449-3108,dplant2c@home.pl,M,76
86,3 Charing Cross Circle,Sindangkopo,554-335-5303,eshuttleworth2d@youtube.com,M,74
87,1439 Lawn Way,Tayang,228-955-0520,kgeerdts2e@wikia.com,F,37
88,60 Anniversary Plaza,Utajärvi,260-773-1200,spolye2f@wsj.com,M,70
89,75 Haas Plaza,Helang,888-922-3422,kbousfield2g@icq.com,F,45
90,7205 Burrows Plaza,Mariestad,293-735-4342,hcharsley2h@slate.com,M,28
91,45 Grayhawk Lane,Kholbon,513-160-3558,kcorten2i@woothemes.com,M,34
92,4 Old Shore Pass,Valparaíso,971-540-5406,emaccrann2j@statcounter.com,F,85
93,14 Charing Cross Point,Lisičani,373-651-0060,hjanway2k@ustream.tv,M,20
94,33 Spenser Avenue,Kedian,590-723-9561,bmoodie2l@hatena.ne.jp,M,23
95,5938 Debra Point,San Marcos,575-736-1167,vkeppel2m@squarespace.com,F,79
96,16 Blackbird Avenue,Jiangshan,628-928-6402,mwaterstone2n@plala.or.jp,F,54
97,716 Harbort Place,Chmielno,631-409-1119,mpetry2o@telegraph.co.uk,M,33
98,26 Chive Crossing,Swift Current,920-466-6303,pbinton2p@latimes.com,F,79
99,351 Amoth Avenue,Al Ḩayfah,618-254-5237,fshorrock2q@springer.com,F,39
100,5108 Hayes Terrace,Maanĭt,625-621-0932,klaughlan2r@t-online.de,F,20
101,040 Sommers Drive,Hoopstad,965-732-2505,rkellog2s@creativecommons.org,M,79
102,6770 Schurz Trail,Santa Rosa,873-344-7657,hcroix2t@qq.com,F,32
103,18575 Brown Crossing,Vinha,753-983-0017,ablind2u@dell.com,M,72
104,15 Corscot Junction,Young America,952-398-3462,gyele2v@deliciousdays.com,F,75
105,2 Graedel Way,San Pedro Zacapa,641-760-3145,moleary2w@wsj.com,F,54
106,70305 Monterey Court,Shibīn al Kawm,834-805-7635,gskupinski2x@businessinsider.com,F,21
107,4397 Dawn Park,Cengang,984-407-8841,krubie2y@dell.com,F,47
108,7015 Holmberg Lane,Ludu,649-857-8146,amaccallion2z@webmd.com,F,66
109,27350 Forest Run Circle,Renhe,701-831-5304,spott30@symantec.com,M,21
110,1597 Sunfield Center,Xinquan,166-613-7467,ichalloner31@sakura.ne.jp,F,63
111,29057 Fair Oaks Alley,Chastyye,610-901-5317,gscamadin32@apple.com,M,45
112,07186 Burrows Way,Babakansari,762-683-4259,apiwall33@live.com,F,82
113,7 Namekagon Park,Namyangju,459-138-5697,hyakobowitch34@ox.ac.uk,F,44
114,1 Northport Parkway,Stockholm,151-826-8981,cgwilliam35@studiopress.com,M,58
115,2 Bay Road,Saint-Claude,411-219-4343,gcreaven36@indiegogo.com,F,28
116,785 Warner Center,Gradec,183-367-5513,irossey37@smugmug.com,F,90
117,69336 Surrey Way,Rancaerang,857-355-1844,bmccreath38@oakley.com,F,28
118,20490 Karstens Center,Xinhua,693-532-2375,tpippin39@trellian.com,M,46
119,8680 Linden Lane,Marcos Juárez,501-674-5709,egerlack3a@bloglines.com,M,46
120,163 Weeping Birch Trail,Kvasice,313-984-5089,ddudman3b@biglobe.ne.jp,M,79
121,81036 Rowland Way,Liebu,936-237-2879,blyttle3c@upenn.edu,M,79
122,9193 Sachtjen Point,Tumpang Satu,143-760-0822,ghelmke3d@eventbrite.com,M,21
123,33005 Dryden Place,Hohhot,209-103-5764,jheintz3e@foxnews.com,F,53
124,44 Mallory Center,Vidovci,959-444-1378,fdews3f@ucla.edu,M,62
125,2 Florence Drive,Kawaguchi,807-614-7157,pvalentetti3g@house.gov,M,36
126,4242 Derek Pass,Babice,761-359-5235,mdoughton3h@cisco.com,F,62
127,3202 Rieder Pass,Bozoum,492-837-6375,dbowman3i@booking.com,M,89
128,433 Dovetail Street,Dayuan,697-712-4831,targrave3j@blinklist.com,M,69
129,74702 School Center,Mpika,118-751-5748,tmasseo3k@si.edu,F,21
130,69 Loftsgordon Place,Áno Kalentíni,223-917-6659,kpacitti3l@noaa.gov,M,70
131,62 Orin Avenue,Kapuan,961-915-2658,npresdee3m@constantcontact.com,M,79
132,7938 Lunder Center,Obala,521-368-2466,lkindall3n@tumblr.com,F,84
133,41400 Novick Place,Gangu Chengguanzhen,174-101-1231,pkirrens3o@mashable.com,F,80
134,19955 Eastlawn Pass,Łopuszno,979-798-8093,dgunther3p@shareasale.com,M,49
135,08940 Saint Paul Park,Gouqi,717-913-6735,ddodshon3q@npr.org,M,37
136,5288 Alpine Drive,Shaoha,204-504-4235,yzealander3r@discuz.net,F,85
137,954 Spenser Place,Parnamirim,410-303-3523,pkornalik3s@reverbnation.com,F,62
138,14 Huxley Trail,Semuda,344-394-7215,oimloch3t@wikimedia.org,M,40
139,2335 Hanover Pass,Chợ Mới,449-850-4267,bmcvity3u@accuweather.com,F,52
140,3601 Manitowish Plaza,København,530-208-3943,mgallafant3v@1und1.de,M,49
141,71856 Cody Hill,Santa Fé do Sul,715-564-7671,athurber3w@statcounter.com,M,60
142,674 Raven Place,Redon,423-308-0644,scrisford3x@wisc.edu,F,21
143,71 Declaration Avenue,Horní Jiřetín,379-805-1577,mmarvel3y@alibaba.com,F,74
144,4046 Beilfuss Trail,Yueshan,430-105-5393,ccossom3z@ucla.edu,M,31
145,793 Bartillon Pass,Gombong,644-827-9483,lboydle40@flavors.me,F,45
146,1 Columbus Parkway,Halong,201-592-6174,nlasselle41@comsenz.com,F,23
147,5884 Homewood Point,Castres,750-160-7562,rmonaghan42@ning.com,F,20
148,121 Ruskin Crossing,Dayou,688-703-7890,nfreestone43@reverbnation.com,M,76
149,3 Melody Plaza,Mesyagutovo,391-894-3062,ptrobey44@so-net.ne.jp,F,87
150,8446 Hoffman Center,Qingjiang,994-112-2152,hbolf45@linkedin.com,M,90
151,49293 Oriole Park,Sukamaju,814-561-3899,bbraybrookes46@topsy.com,M,74
152,6 Eastwood Way,Utkivka,472-419-2211,bbryceson47@msu.edu,M,41
153,82596 Aberg Drive,Baisha,478-885-0181,jflaxon48@wordpress.org,F,66
154,1 American Ash Trail,Saint-Laurent-du-Var,864-758-5345,lmalpass49@booking.com,M,87
155,7917 Warner Avenue,Zuitou,962-178-3031,bferns4a@disqus.com,M,23
156,05871 Almo Park,Niquinohomo,120-317-3112,hnursey4b@house.gov,M,47
157,18 Havey Point,Oliveirinha,586-824-9547,mmehaffey4c@rediff.com,M,21
158,9033 Jenna Avenue,Vel’sk,879-342-1491,ominett4d@nationalgeographic.com,M,63
159,41 Straubel Junction,Krupanj,378-528-4841,amcginny4e@theatlantic.com,F,51
160,94811 Lakeland Alley,Presidente Médici,676-505-8950,agrabeham4f@bizjournals.com,F,29
161,97590 Farmco Way,Salem,828-826-8928,rrainsbury4g@qq.com,F,64
162,136 Red Cloud Alley,Melaka,331-981-0962,kmaclean4h@lulu.com,M,71
163,99 Dennis Point,Seleuš,524-399-4068,rmucklo4i@google.com.au,F,44
164,502 Fallview Point,Sumuragung,875-655-5692,emonckman4j@imgur.com,M,74
165,712 Pond Center,Lisia Góra,954-553-6408,kbaldini4k@hud.gov,F,34
166,901 Columbus Plaza,Tsimlyansk,930-495-0659,lmcshane4l@nymag.com,M,68
167,29091 Pennsylvania Crossing,Eslāmābād,612-493-3021,jducket4m@plala.or.jp,F,21
168,9522 Mcbride Park,Wangping,555-547-2404,amarin4n@weebly.com,M,81
169,302 Grover Alley,Harstad,160-117-7309,acoltart4o@dedecms.com,F,21
170,4 Florence Junction,San Juan,529-295-1557,mmckibbin4p@statcounter.com,F,51
171,19 Westerfield Park,Lancheng,568-412-8885,dbehling4q@independent.co.uk,F,48
172,8997 Towne Lane,Zhong’an,660-726-6037,mbulleyn4r@state.gov,M,85
173,1 1st Plaza,Yelenendorf,836-105-7024,ckinsman4s@tumblr.com,F,75
174,1 Waxwing Road,Dahu Satu,516-284-3580,kjahnke4t@about.me,F,73
175,352 Florence Plaza,Seredyna-Buda,947-386-1406,thazeman4u@mediafire.com,M,35
176,8 Cody Alley,Kamphaeng Phet,952-145-1453,cmckeachie4v@symantec.com,M,45
177,2451 Graceland Park,Koslan,389-995-7500,tlaven4w@mac.com,F,25
178,911 Londonderry Pass,Hongxing,137-277-4843,gavrahamoff4x@bandcamp.com,F,52
179,88 Hooker Avenue,Pantin,197-967-4481,lburniston4y@dedecms.com,F,76
180,47443 Schlimgen Way,Neiafu,116-384-9044,mwomersley4z@g.co,F,83
181,7 Hermina Road,Bent Jbaïl,840-120-4674,smattam50@reuters.com,F,57
182,3 Towne Crossing,Mountain View,650-963-9811,adominik51@deliciousdays.com,F,25
183,7 Elmside Place,Reutov,433-768-9035,acamacke52@jalbum.net,F,81
184,9205 Eagle Crest Junction,Pinaring,646-747-4290,jclementucci53@paypal.com,F,38
185,3676 Pierstorff Junction,Triandría,563-948-5029,ppeyro54@netscape.com,M,30
186,63 Mifflin Plaza,Huagu,998-951-1459,macutt55@abc.net.au,F,38
187,51776 Springs Street,Katuli,679-774-4128,ccollie56@istockphoto.com,F,69
188,9457 Lukken Trail,Trilj,343-956-8476,kkingswood57@123-reg.co.uk,M,74
189,236 Straubel Hill,São Luís do Quitunde,695-384-8906,aboutellier58@weather.com,M,64
190,68 Lunder Terrace,Jiangdulu,568-463-3142,lbauduin59@about.me,F,71
191,812 Ridgeway Terrace,Josefina,590-192-5841,yforber5a@walmart.com,F,22
192,9 Derek Center,Kuala Terengganu,611-574-8938,brichemont5b@baidu.com,M,54
193,91276 Meadow Vale Crossing,Ambohitrolomahitsy,444-777-5738,rsnarie5c@constantcontact.com,F,68
194,92 Village Plaza,Koropí,613-718-8724,rgroves5d@lycos.com,F,44
195,6763 Hovde Trail,Villiers,817-285-1561,ypreedy5e@intel.com,M,76
196,16710 Browning Center,Le Kremlin-Bicêtre,332-551-2775,kdudeney5f@scribd.com,M,38
197,8 Duke Lane,Phu Kradueng,220-758-7089,clafayette5g@princeton.edu,M,55
198,7 Nancy Crossing,Toride,785-270-2500,lprestidge5h@slideshare.net,M,67
199,03060 La Follette Street,El Espino,763-442-9839,swaddilow5i@youtube.com,F,47
200,2 Weeping Birch Avenue,Toubao,317-335-6025,nfilyaev5j@discuz.net,F,39
201,8 Fieldstone Road,Ålesund,700-155-0699,cyanshin5k@wikispaces.com,F,23
202,872 Grover Trail,Longwood,690-241-9990,pfahey5l@qq.com,M,20
203,6015 Arrowood Alley,Agboville,400-240-7860,dromi5m@devhub.com,F,67
204,993 Florence Trail,Lipljan,255-113-1819,jcornbell5n@epa.gov,M,87
205,90 Thierer Terrace,Qiaozhen,194-942-5037,wkleinsmuntz5o@marriott.com,M,60
206,31395 Mayer Point,Longra,428-464-7187,sfranzettoini5p@a8.net,F,44
207,22 Fairview Way,Ariz,822-993-4582,cmaccoll5q@cdc.gov,F,44
208,4309 Canary Street,Steblevë,570-936-2117,gfernandez5r@rambler.ru,M,37
209,50298 Stuart Street,Pital,214-270-6096,rbraithwaite5s@diigo.com,F,89
210,6742 Milwaukee Road,Hong Kong,623-241-4729,mbuterton5t@sbwire.com,F,61
211,205 Corscot Road,Road Town,240-890-2115,anettleship5u@ucsd.edu,M,82
212,6 Johnson Street,Mehrān,306-997-7366,cvint5v@boston.com,F,35
213,76944 Dixon Street,Parys,390-348-8965,tgoodyer5w@digg.com,F,88
214,6 Fair Oaks Junction,Boston,617-384-4876,mshipcott5x@army.mil,F,57
215,026 Jackson Parkway,Sarkanjut,387-679-2602,ttembey5y@rambler.ru,F,52
216,86797 Warner Trail,Guantouzui,144-685-1906,clegate5z@webs.com,F,40
217,14 Comanche Junction,Ronneby,280-373-6547,yvelti60@answers.com,F,43
218,80508 Scott Trail,Anibare,737-820-6672,tyukhnini61@hugedomains.com,F,43
219,1314 Mockingbird Street,Pio Duran,876-232-2101,awhates62@goo.ne.jp,M,86
220,8399 Troy Trail,Tadotsu,612-670-9137,mdober63@nifty.com,M,36
221,61 Kinsman Lane,Victoria,224-655-8157,ccasetti64@cafepress.com,M,33
222,4405 Grover Point,Cocobeach,913-786-5336,tbenge65@fc2.com,F,46
223,1255 Bartelt Drive,Marseille,891-135-6288,toosthoutdevree66@paginegialle.it,F,75
224,04 Moland Park,Velikovechnoye,296-791-3077,tdiehn67@example.com,M,49
225,02073 Dixon Drive,Langenburg,227-175-7371,obrodley68@constantcontact.com,M,42
226,57 Carberry Road,Heerlen,968-492-7238,mmaywood69@bloglovin.com,F,26
227,64080 Warner Plaza,Bluefields,964-185-3895,lglason6a@marketwatch.com,F,55
228,27 Emmet Way,Wojsławice,267-805-6093,fdonaghie6b@whitehouse.gov,M,85
229,3 Vahlen Court,Nong Ki,582-888-8616,mclandillon6c@icio.us,F,82
230,9 Daystar Circle,Diriomo,657-119-9798,gapfelmann6d@gnu.org,M,66
231,28658 Knutson Crossing,Timbiras,885-852-5919,kledes6e@howstuffworks.com,F,65
232,80026 Di Loreto Crossing,Matsubase,532-429-4014,fgerardin6f@blogtalkradio.com,M,26
233,4 Pine View Place,Intipucá,802-194-5117,tcolleer6g@51.la,F,69
234,6 High Crossing Street,Semanding Barat,283-799-1541,schrishop6h@xrea.com,M,23
235,094 Northland Way,Jembayan Hitam,137-152-8608,crosenblad6i@imdb.com,M,27
236,2 Magdeline Plaza,Gaobeijie,141-567-1710,tkunisch6j@hatena.ne.jp,M,85
237,12456 Jackson Center,Ust’-Izhora,498-116-1401,csidsaff6k@plala.or.jp,F,48
238,2 Roxbury Circle,Berón de Astrada,723-777-9170,dhellis6l@macromedia.com,F,76
239,44 Burrows Avenue,Amiens,196-954-3997,ssoutar6m@jugem.jp,M,23
240,6395 Utah Terrace,Tambura,717-936-0166,qdobeson6n@dedecms.com,M,77
241,726 Pawling Alley,Brześć Kujawski,800-121-1717,hgirvin6o@quantcast.com,F,37
242,24012 Pennsylvania Trail,Vista Hermosa,506-373-8904,aolufsen6p@technorati.com,F,54
243,5259 Straubel Way,Skurup,590-388-9794,kwhittaker6q@simplemachines.org,F,62
244,19 Clyde Gallagher Lane,Tolkmicko,381-182-5640,adaintrey6r@mozilla.com,F,57
245,34 Spohn Way,San Bernardino,853-285-9064,aram6s@blogtalkradio.com,M,50
246,159 Lyons Court,Nantes,832-641-7594,ecatherine6t@ehow.com,M,54
247,68 Boyd Junction,Ivanivka,177-353-6524,lmates6u@europa.eu,M,68
248,211 Loeprich Terrace,Xihu,941-882-9637,cvowden6v@phpbb.com,M,82
249,581 Arizona Point,Shuiyuan,615-181-9087,bcolloby6w@webnode.com,M,87
250,62 Warrior Avenue,Balidian,765-757-2266,nlatty6x@amazon.com,F,42
251,36 Corscot Trail,Wyszków,635-671-3081,nliddall6y@ebay.com,F,47
252,517 Mcbride Plaza,Wujing,956-999-0007,rkinman6z@ebay.com,M,62
253,25971 6th Center,Thanatpin,734-509-3272,hmacak70@wordpress.org,F,70
254,0129 Transport Crossing,Lapaz,485-242-9307,dclamo71@forbes.com,M,28
255,0 Dawn Plaza,Tanggungrejo,277-288-8183,gconeley72@360.cn,M,42
256,84324 Algoma Terrace,Niedźwiada,572-694-1663,kdemalchar73@cloudflare.com,M,47
257,845 Lien Court,Dobropillya,721-754-0541,tcolloby74@nifty.com,F,67
258,11 Cordelia Trail,Baardheere,290-753-3847,lgallo75@ycombinator.com,M,69
259,31 Calypso Street,Miribanteng,684-607-5369,croseman76@vinaora.com,F,68
260,7 Lien Circle,Serravalle,188-385-9819,ljovic77@freewebs.com,M,85
261,465 Fairfield Way,Lebak,667-957-5331,lmccray78@techcrunch.com,M,35
262,3065 Spaight Road,Engel’-Yurt,457-961-0816,bnicholes79@mail.ru,M,32
263,1748 Bluestem Center,Bang Kruai,898-708-8430,smacfaell7a@e-recht24.de,F,51
264,24 Grasskamp Trail,Singaparna,831-966-8030,bscanes7b@alibaba.com,F,26
265,4617 Atwood Parkway,Presidente Bernardes,603-326-9233,jdavidou7c@quantcast.com,F,84
266,03402 Chive Circle,Huanfeng,412-291-2348,ilavery7d@cpanel.net,F,28
267,65 Holy Cross Trail,Taokeng,325-735-2775,palthorpe7e@1688.com,M,88
268,250 Loeprich Drive,Skalat,470-402-0134,grussel7f@goo.gl,F,83
269,492 Carey Drive,Chengdong,616-163-4791,lfitzsymon7g@gov.uk,M,60
270,1 Gateway Park,Piranshahr,228-429-4051,bgask7h@facebook.com,M,51
271,037 Arapahoe Street,Changzhi,748-220-3957,bantuk7i@surveymonkey.com,M,78
272,048 Russell Crossing,Huaqiu,322-212-6487,cbeebee7j@un.org,F,25
273,0914 Sunbrook Park,Chengjiao,758-322-0403,lmilne7k@barnesandnoble.com,F,81
274,10 Vidon Court,Jalal-Abad,820-491-4969,agodlee7l@livejournal.com,F,64
275,141 American Lane,Saguiaran,372-927-9802,jantusch7m@dailymail.co.uk,M,46
276,7 Sage Circle,Goodlands,614-834-9314,idequincey7n@cyberchimps.com,F,20
277,70061 Forest Parkway,Youwei,775-403-1103,jrentoll7o@cbslocal.com,M,62
278,23 Magdeline Terrace,Illintsi,612-295-8324,zgait7p@odnoklassniki.ru,M,27
279,48 Hazelcrest Place,Shiozawa,389-744-8546,fdanjoie7q@uol.com.br,F,34
280,7 Mesta Park,Dalmatovo,201-563-7746,dpayne7r@senate.gov,M,33
281,50229 Hintze Avenue,Xiling,245-616-8729,dstenbridge7s@deviantart.com,F,25
282,00649 Grasskamp Junction,Catarman,991-562-2465,eeskriett7t@paypal.com,M,52
283,20317 Elmside Parkway,Havirga,228-307-5991,adudden7u@cnet.com,F,69
284,8 Randy Court,Abuxarda,790-205-3230,pkerne7v@google.it,F,66
285,098 Harper Junction,George Hill,602-819-2699,uabrashkin7w@msu.edu,M,36
286,885 Haas Trail,Dawuhan,192-332-6632,lstowers7x@howstuffworks.com,F,28
287,02 Eastwood Point,Kurunegala,765-388-4805,rspaunton7y@indiatimes.com,M,40
288,2605 Jana Street,Saratak,134-446-0437,eshelper7z@merriam-webster.com,M,23
289,4884 Kensington Avenue,Baishi,793-872-4128,iflade80@marriott.com,F,37
290,3 Fisk Hill,Foumban,425-569-3384,rrobiou81@alexa.com,F,50
291,7811 Di Loreto Terrace,Oslo,130-608-5154,bgodfery82@abc.net.au,M,61
292,402 Talmadge Drive,La Goulette,339-960-2799,rmazey83@geocities.jp,M,77
293,869 Lotheville Road,Wushi,142-339-5343,csemarke84@linkedin.com,F,28
294,350 Longview Alley,Ryazan’,185-817-4342,esimister85@linkedin.com,F,70
295,264 Kingsford Crossing,Delaware,988-178-6853,fmuzzini86@wisc.edu,F,90
296,538 North Center,Kiryū,131-602-8689,bwinthrop87@livejournal.com,M,79
297,2230 Melby Junction,Safakulevo,336-500-6912,rleetham88@wordpress.org,M,70
298,0 7th Place,Gwangju,887-584-0665,emacteggart89@goo.ne.jp,M,54
299,8665 Gerald Place,Solna,958-167-4390,dshapcott8a@hc360.com,M,77
300,42 Toban Street,Yakutsk,819-708-8538,slurner8b@goo.ne.jp,M,33
301,29 Monterey Street,Hengdong Chengguanzhen,630-704-0087,mgiacomoni8c@unesco.org,M,72
302,38 Chinook Park,Senadan,356-783-4360,hriglesford8d@uol.com.br,F,89
303,8 Oakridge Terrace,Patique,946-530-2494,ecrippen8e@dailymotion.com,M,80
304,0 Sycamore Crossing,Melaka,422-767-2118,rjachtym8f@nbcnews.com,M,54
305,47 Spohn Way,Betong,770-618-5934,rcorhard8g@foxnews.com,F,23
306,8 Meadow Ridge Parkway,Fatubia,731-152-0545,tprenty8h@blogtalkradio.com,F,88
307,679 Talmadge Parkway,Täby,133-988-1648,wtitcom8i@gravatar.com,M,88
308,2 Corben Hill,Kerbuyan,379-153-7427,lyockney8j@cnn.com,M,28
309,84 Hayes Center,Providencia,580-160-9253,jrarity8k@ihg.com,M,39
310,8 Cherokee Trail,Tonghu,680-298-4471,awitch8l@unicef.org,F,62
311,932 Gateway Junction,Dallas,214-230-5365,rlund8m@netscape.com,M,29
312,65595 Eastlawn Alley,Ozëry,408-661-3600,kseston8n@theguardian.com,M,35
313,97072 Dayton Junction,Liujia,293-912-6813,hronci8o@unesco.org,F,53
314,57 Dunning Terrace,Zvole,979-570-4516,lnetley8p@ask.com,F,35
315,16483 Florence Road,Lyubimets,136-643-8478,jthomkins8q@blinklist.com,M,64
316,0859 Blaine Way,Ros’,933-619-5443,jruhben8r@barnesandnoble.com,F,54
317,13 Pleasure Point,Li’an,418-924-4709,mpenson8s@shutterfly.com,F,78
318,9342 Kingsford Terrace,Jīroft,978-180-1012,dfarren8t@msn.com,M,30
319,9182 Magdeline Park,Ush-Tyube,246-576-9115,slinger8u@nps.gov,M,25
320,55 Roth Point,Capitán Bermúdez,319-235-1348,lmoreno8v@t.co,F,65
321,7175 Service Way,Badou,508-426-8955,bvaux8w@goo.gl,F,66
322,863 Orin Circle,Berlin,241-495-9649,kdupre8x@ezinearticles.com,F,51
323,2 Oak Trail,Bumbuna,281-118-3801,kgunstone8y@squidoo.com,M,74
324,95 Lunder Street,Potiskum,471-737-7440,jseedhouse8z@imdb.com,F,29
325,166 Luster Park,Xigou,658-431-1179,ahinners90@bloglines.com,M,74
326,910 Hoard Park,Wuxiang,752-609-9196,rfidian91@mozilla.org,M,24
327,6592 Havey Circle,Revelstoke,171-932-0811,wtreweke92@about.com,M,80
328,7 Schmedeman Hill,Turgenevo,638-354-7989,dgerrad93@ebay.co.uk,M,55
329,1920 Blackbird Crossing,Belo Horizonte,611-343-6293,sdunmuir94@altervista.org,F,54
330,0 Pearson Lane,Atarodangwautu,482-600-2778,cdurran95@europa.eu,M,21
331,08970 Hoard Way,Quinta do Sobrado,666-792-9506,dgussin96@shutterfly.com,F,88
332,4 American Ash Plaza,Ribas,577-112-0208,asieb97@desdev.cn,F,88
333,25 Corben Trail,Pakisrejo,348-614-6273,adilrew98@google.de,F,51
334,5968 Packers Lane,Itacorubi,889-629-3397,shempshall99@google.co.uk,F,54
335,4 Northwestern Way,Obolensk,171-657-8310,rfidgeon9a@omniture.com,F,55
336,75 Manitowish Way,Västervik,359-247-5543,rdiclaudio9b@squarespace.com,M,21
337,62 Kim Plaza,Åtvidaberg,304-565-8092,egalero9c@hc360.com,F,65
338,0483 Dawn Pass,Chaviña,844-191-4722,ahuxstep9d@time.com,F,21
339,0783 Golf Course Place,Sarvaš,874-629-0702,hmcpeeters9e@jiathis.com,F,67
340,3384 Warner Lane,Paôy Pêt,597-965-5396,ffeltham9f@bizjournals.com,F,31
341,1 Aberg Terrace,Piraí,412-284-2366,wbarthrop9g@home.pl,F,65
342,12954 Northport Plaza,Varnávas,976-424-3294,bgoncalo9h@tuttocitta.it,F,83
343,3 Quincy Terrace,Tuburan,646-802-3466,rackeroyd9i@xrea.com,F,56
344,2 Swallow Pass,Groblersdal,280-348-0914,olejean9j@ycombinator.com,M,29
345,73577 Stuart Hill,San José de Jáchal,803-477-3534,gshepcutt9k@spiegel.de,F,65
346,6 Pankratz Alley,Chengnan,764-102-7119,crubenczyk9l@skype.com,F,56
347,357 Moland Drive,Khuean Ubonrat,206-302-8244,chuggard9m@cnbc.com,M,43
348,9 Montana Junction,Tsimkavichy,574-305-5875,amackiewicz9n@live.com,F,30
349,26 Burning Wood Place,Chengbei,968-658-7307,mflowerden9o@twitpic.com,F,86
350,62 Kensington Circle,Kassala,841-661-8675,acarnachen9p@soundcloud.com,M,64
351,70212 Green Street,Verkhn’odniprovs’k,237-389-7992,tcicullo9q@multiply.com,M,52
352,6 Elka Terrace,Maykor,796-489-5228,rdrioli9r@who.int,M,76
353,84 Red Cloud Point,Timmins,945-375-4194,gtomson9s@sbwire.com,M,38
354,846 Logan Park,Besançon,591-745-3670,kletchmore9t@networksolutions.com,F,57
355,9714 Utah Junction,Wanliang,753-690-4865,dcattermoul9u@livejournal.com,M,88
356,1 Farwell Drive,Phúc Yên,957-922-7218,rlavalde9v@photobucket.com,F,21
357,48293 Gateway Avenue,Fort Macleod,935-170-0109,tsmurthwaite9w@weather.com,F,37
358,10 Lake View Junction,Ipoh,445-202-1799,dhedworth9x@yelp.com,M,75
359,2 Killdeer Hill,Aş Şaff,688-760-6021,cmaffiotti9y@4shared.com,M,48
360,8 Weeping Birch Pass,Qianqiao,347-904-8125,ldrees9z@discovery.com,F,20
361,3 Manufacturers Plaza,Lagoa,239-502-8586,fvigersa0@blog.com,F,36
362,56754 Del Mar Street,Phanat Nikhom,497-270-3501,cdarringtona1@bloglines.com,F,78
363,63155 Oak Court,Nakhon Nayok,272-600-3213,sraddisha2@cnet.com,M,20
364,08884 Holy Cross Avenue,Vestmanna,448-633-8189,esalvadoria3@shutterfly.com,F,56
365,2119 Manufacturers Trail,Novovoronezh,334-421-3180,mblackslanda4@acquirethisname.com,M,82
366,973 Tomscot Road,Tinogasta,821-456-1646,emeharrya5@comcast.net,F,59
367,7 Prairie Rose Street,Igrejinha,713-709-5891,tgooma6@constantcontact.com,M,60
368,2 Sherman Junction,Caotang,262-439-4945,dstevania7@businessweek.com,M,20
369,17021 Northwestern Plaza,Rio das Ostras,546-260-2456,dstlegera8@smugmug.com,M,64
370,09 Pawling Lane,Monsanto,359-585-0394,apepineauxa9@jiathis.com,M,45
371,2281 Pepper Wood Alley,Skaramangás,993-509-1620,ecolquyteaa@mac.com,F,68
372,8 Briar Crest Center,Borås,689-362-3434,gmillwardab@homestead.com,F,47
373,1 Hooker Lane,Karangasem,230-232-5944,kburnupac@dot.gov,M,73
374,15 Warbler Lane,Paobokol,480-614-9836,sdabrowskiad@t.co,F,41
375,17 Mayfield Center,Lawa-an,280-978-7337,twillingamae@cbslocal.com,F,51
376,580 Menomonie Trail,Melbourne,321-320-7575,ckingswoodeaf@sciencedirect.com,F,85
377,693 Swallow Drive,Estribeiro,446-408-3862,jbennisonag@aboutads.info,M,61
378,719 Longview Lane,Lappajärvi,115-857-8015,dheinzelah@hostgator.com,F,35
379,05696 Butternut Parkway,Fenais da Ajuda,725-231-1688,lchartmanai@mediafire.com,F,71
380,3 Lotheville Plaza,Voyinka,647-688-8878,rmearingaj@irs.gov,F,48
381,365 Merchant Crossing,Gaya,146-804-0150,amourbeyak@deviantart.com,M,61
382,99 Paget Avenue,Xiayang,380-442-7265,epatroneal@goodreads.com,F,25
383,9 Village Green Center,Meilong,830-557-1207,jspurdenam@uiuc.edu,F,31
384,4083 Hansons Drive,Monasterevin,367-960-2144,fberresfordan@ehow.com,M,33
385,07 Dottie Circle,Palu,927-526-0300,ghawketao@scientificamerican.com,F,90
386,3 Shasta Parkway,Varoška Rijeka,694-940-1443,dgostridgeap@blogger.com,F,29
387,547 Lerdahl Alley,Shuyuan Zhen,844-188-9781,kibbesonaq@mapy.cz,F,61
388,3751 Scofield Circle,Uttar Char Fasson,261-771-1228,clouisar@free.fr,F,90
389,951 Brown Pass,Āsmār,219-946-6158,jbalderyas@techcrunch.com,M,53
390,343 Michigan Pass,Shikhany,567-587-1679,kmarshfieldat@godaddy.com,F,63
391,84 Helena Avenue,Yungay,610-436-9846,rdavageau@toplist.cz,M,48
392,75507 Mockingbird Plaza,Zizhao,599-175-7274,gwemyssav@goo.ne.jp,M,77
393,35 Hayes Lane,Qingqu,182-593-2405,aemersonaw@ft.com,F,37
394,39304 Welch Crossing,Labog,493-610-6637,cchatfieldax@constantcontact.com,M,26
395,93082 Waxwing Drive,Arlington,703-783-5770,mmaway@liveinternet.ru,M,45
396,58475 Shasta Road,Zhongshanlu,849-282-6110,dmcbradyaz@who.int,F,67
397,049 Mosinee Way,Zaječov,174-671-9761,psparkb0@delicious.com,M,72
398,0187 Portage Junction,Chasŏng,373-489-7277,kdodellb1@homestead.com,F,46
399,14 Mifflin Point,Valdivia,615-126-7103,vhayesmanb2@unesco.org,F,58
400,59 Towne Street,Odolena Voda,297-529-3511,gsmalridgeb3@scientificamerican.com,F,90
401,1 Hintze Street,Pingyin,435-146-6573,jbutteb4@accuweather.com,M,27
402,2211 Reinke Court,Piduhe,104-534-2291,ltueb5@guardian.co.uk,M,50
403,8 Commercial Plaza,Soledad,378-889-9821,dtarneyb6@fema.gov,F,79
404,17 Saint Paul Hill,New Cebu,505-390-3609,ogemmellb7@dot.gov,M,66
405,82561 Brentwood Place,Zhangdian,505-130-4783,nshotboulteb8@blogspot.com,M,20
406,32348 Maywood Point,Sukamaju,414-127-2628,rmartillb9@dagondesign.com,M,84
407,045 Tennessee Hill,Inozemtsevo,811-955-8939,kcaudrayba@exblog.jp,M,61
408,2810 Loomis Street,Mianhu,655-685-8942,haustenbb@ucla.edu,M,51
409,05358 North Way,Tapayan,306-575-2961,thlavacbc@usda.gov,F,44
410,40496 Dovetail Park,Jinhui,744-455-1772,tkilloughbd@state.tx.us,F,47
411,905 Luster Junction,Thuận Nam,122-194-8226,vpottberrybe@cafepress.com,M,28
412,21 South Park,Kari,798-836-9004,cbalchinbf@google.com.br,F,89
413,0 Summerview Place,Yangxipu,373-115-6731,astainsbybg@unicef.org,M,68
414,84 Del Sol Pass,Cubatão,629-320-4864,ggynnebh@bravesites.com,F,76
415,879 Monica Crossing,Bendosari,526-964-4554,gbthambi@rediff.com,M,55
416,62021 Mitchell Center,Pasco,368-958-8816,bselewaybj@miitbeian.gov.cn,M,77
417,41 Ilene Court,Il’skiy,669-772-7797,cbescobybk@photobucket.com,F,55
418,0824 Oak Road,Flushing,718-511-6663,fmcarthurbl@businesswire.com,M,74
419,9 Pierstorff Park,Rouen,486-681-6568,kbatebm@opensource.org,M,49
420,8490 Duke Crossing,Rendeng,452-386-7477,imacfarlanebn@tinypic.com,M,26
421,84 Dwight Parkway,Mugan,233-831-2092,jangovebo@marriott.com,F,71
422,6224 Banding Center,Meghrashen,108-528-5787,dkimburybp@fastcompany.com,F,22
423,04309 Novick Court,Yirga ‘Alem,444-885-4714,gbaglinbq@unc.edu,F,22
424,71196 Fairfield Center,San Pablo,999-829-5628,emumbr@blogtalkradio.com,M,43
425,403 Marcy Place,Coroico,985-294-7376,rhannisbs@vkontakte.ru,M,26
426,1 Basil Junction,Mionica,793-542-1880,cmollindiniabt@usnews.com,F,43
427,821 Gerald Terrace,Chicago,312-160-7384,sniscobu@purevolume.com,F,21
428,243 Gerald Terrace,Del Monte,150-574-1435,tofferbv@wunderground.com,M,61
429,316 Meadow Ridge Lane,Tacoma,253-948-2112,dkingtonbw@businessinsider.com,M,20
430,068 International Drive,Krasnyy Lyman,941-780-4036,pcaddickbx@census.gov,M,44
431,40699 1st Alley,Knoxville,865-208-9301,mstumpby@nationalgeographic.com,F,42
432,5 Center Terrace,Maoyang,599-184-6947,mradouxbz@seattletimes.com,M,35
433,2153 Butternut Street,Rū-ye Sang,499-166-8566,adisdelc0@flavors.me,M,80
434,692 Northridge Point,Nelazskoye,938-486-5831,mriepelc1@sciencedaily.com,F,64
435,08575 Sycamore Parkway,Kapitanivka,676-122-5991,mbulpittc2@woothemes.com,F,44
436,858 Cottonwood Junction,Tanarara,276-561-4463,pitzkinc3@baidu.com,F,46
437,62604 Killdeer Road,Langádhia,919-291-7612,cbrislanc4@ihg.com,M,57
438,0 Clove Way,Cijeungjing Kaler,529-957-1975,gbeeblec5@hc360.com,F,78
439,44121 Hollow Ridge Place,Şurmān,259-197-3674,cridsdalec6@dell.com,M,79
440,972 Union Junction,Åtvidaberg,525-548-8478,hhowtonc7@soup.io,F,90
441,02 Mallory Trail,Saint-Pierre-des-Corps,570-110-3004,mantalffyc8@t.co,F,62
442,84923 Lighthouse Bay Pass,Kupchino,594-944-4490,ukubasc9@stumbleupon.com,M,37
443,11 Dapin Plaza,Pak Phayun,187-860-9483,khuntonca@reddit.com,F,71
444,22 Westport Hill,New Washington,267-696-7375,listoncb@ucla.edu,M,32
445,4 Lyons Crossing,Iznoski,898-127-3869,beytelcc@dailymotion.com,M,88
446,2 3rd Lane,Antaparco,433-580-1208,asigsworthcd@webmd.com,M,60
447,474 Dottie Road,Shaba Zhen,705-269-3551,iweildce@hibu.com,M,67
448,502 5th Park,Tongjiang,120-104-1751,mcrightoncf@t.co,M,49
449,04434 Schiller Point,Beixin,695-880-5766,wsilcockscg@omniture.com,M,79
450,88981 Fairview Terrace,Zhushan,824-794-8996,kstandingfordch@cam.ac.uk,F,62
451,21488 Hagan Park,Fornos,178-949-0872,kdunkci@xinhuanet.com,F,37
452,0345 Fairfield Circle,Melaka,120-212-7191,wsestoncj@cam.ac.uk,F,23
453,41 Brown Junction,Chonchi,525-690-5412,lcrosonck@amazon.com,M,83
454,310 Elmside Street,Batangtoru,806-517-4217,tshimmincl@eepurl.com,M,43
455,4791 Utah Parkway,Antimácheia,370-792-2511,mjevonscm@soundcloud.com,F,47
456,3066 Fairview Hill,Laramate,613-609-6732,bcrookscn@abc.net.au,M,28
457,541 Vernon Parkway,Danané,661-340-6371,truiltonco@nationalgeographic.com,M,65
458,3 Manufacturers Way,Laï,214-618-7241,ahousbycp@networksolutions.com,F,76
459,43 2nd Lane,Changchi,754-695-9261,csinkinsoncq@livejournal.com,F,65
460,8 Burrows Point,Bangkok,481-956-3407,kredmorecr@amazonaws.com,F,52
461,44941 Norway Maple Court,Peixing,228-677-1262,kpedlarcs@imageshack.us,F,86
462,4621 Bayside Avenue,Falköping,943-760-7269,phudlessct@youku.com,F,72
463,894 Morning Crossing,Loppi,555-601-5767,ndenricocu@biblegateway.com,F,34
464,1563 Bayside Plaza,Tipo-Tipo,396-368-1312,dcockshutcv@1und1.de,M,80
465,3 Glacier Hill Trail,Storozhnytsya,775-946-4033,lmccoveneycw@usnews.com,M,39
466,63 Burrows Circle,Buensuseso,948-574-5901,dclemontcx@state.gov,M,30
467,6015 Derek Court,Areni,772-844-9798,escarglecy@woothemes.com,F,75
468,1021 Novick Plaza,Floriana,708-272-5948,ajoslincz@example.com,F,57
469,213 Ridgeway Parkway,Long Layu,873-595-8187,umacmasterd0@mlb.com,F,56
470,0 Montana Alley,Santa Cruz de la Sierra,692-580-7024,clandrickd1@deliciousdays.com,F,47
471,7 Mcguire Road,Keffi,349-737-9761,sesherwoodd2@i2i.jp,M,59
472,96393 American Ash Avenue,El Zapote,279-499-6809,sgallantd3@dagondesign.com,F,65
473,0882 Birchwood Center,Riobamba,866-259-8861,hleithharveyd4@si.edu,F,77
474,694 Helena Center,Yong’an,454-746-6781,ebolverd5@telegraph.co.uk,M,38
475,1 Jenifer Trail,Phúc Yên,959-883-5199,cmellerd6@sourceforge.net,F,33
476,2882 Ramsey Center,Melchor de Mencos,690-331-2837,shurnd7@cnn.com,F,24
477,2442 Calypso Park,Seaton,632-729-0935,gbreagand8@tinyurl.com,M,48
478,44927 Sutherland Avenue,Sindangheula,435-310-5759,skettoed9@bluehost.com,M,30
479,02617 Kim Terrace,Sabnova,731-318-4339,sdeyeda@mail.ru,M,73
480,12 Waywood Circle,Uromi,618-379-4739,dsammsdb@microsoft.com,F,22
481,26074 Amoth Plaza,Laval,145-942-9006,choltdc@mozilla.com,F,65
482,57256 Park Meadow Circle,Chaeryŏng-ŭp,790-372-5001,bdeyenhardtdd@theglobeandmail.com,F,42
483,67 Cardinal Park,Qorovulbozor,687-416-3566,rclellde@nhs.uk,M,21
484,41018 Jana Crossing,Yangmingbu,956-473-9358,apictondf@youtu.be,F,72
485,82975 Petterle Park,Ambovombe,531-501-2927,hbrolandg@mysql.com,M,62
486,765 Rutledge Avenue,Listvyanka,310-822-6510,ascrammagedh@angelfire.com,M,62
487,29 Reindahl Pass,Mingyue,150-560-1023,hedelmanndi@posterous.com,F,43
488,50355 Rusk Plaza,Ulster Spring,541-168-1120,kblasikdj@comsenz.com,M,72
489,0 Evergreen Avenue,Huilong,314-554-5438,apietruszkadk@github.io,F,37
490,255 Hovde Way,Pancoran,307-135-4045,lsavegedl@paginegialle.it,F,49
491,011 Monument Center,Maradi,865-699-9099,cmullallydm@digg.com,M,20
492,0024 Johnson Trail,Fengxian,879-840-1957,tlanglaisdn@ezinearticles.com,M,49
493,616 Raven Circle,Goričan,522-940-5625,srannigando@hp.com,F,26
494,8 Summerview Hill,Wenchun,349-312-6111,kleamondp@wufoo.com,F,60
495,71 Duke Pass,Székesfehérvár,718-165-1119,cscoterboshdq@arizona.edu,M,44
496,0 Huxley Road,Donduşeni,765-304-8522,ogenesedr@moonfruit.com,F,56
497,31 Ludington Lane,Miaotang,760-331-8918,oocannands@miitbeian.gov.cn,F,56
498,0 Swallow Lane,Picoto,246-711-3700,lansteedt@zdnet.com,M,43
499,17634 Sunbrook Plaza,Pisz,744-324-7808,tfanshawdu@who.int,M,59
500,8132 Almo Center,Al Mijlad,900-129-5256,lsavinsdv@gov.uk,F,76
501,2992 Judy Road,Cuispes,465-945-6906,pjanoschekdw@phpbb.com,M,61
502,38 Merry Park,Rakiv Lis,120-811-6441,fedscerdx@amazon.com,F,65
503,1576 Park Meadow Trail,Amangarh,138-145-3015,tpullerdy@nyu.edu,F,84
504,6 Alpine Parkway,Madison,608-778-8273,anelthropdz@wikimedia.org,M,85
505,70 Spohn Hill,Melaka,789-752-8244,gnansone0@umn.edu,M,49
506,963 Merrick Pass,Shofirkon,339-225-0138,jdanigele1@washington.edu,F,68
507,5891 Stone Corner Lane,Sawankhalok,903-525-4102,bmillare2@ucla.edu,M,28
508,6672 Warbler Alley,Hengling,197-265-3090,wmaddysone3@goo.gl,F,61
509,1174 Oakridge Terrace,Paripiranga,421-135-2306,agarfathe4@china.com.cn,M,67
510,41 Everett Terrace,Valenciennes,881-895-2127,gcrooke5@shinystat.com,F,56
511,338 Village Road,Lac-Brome,335-348-4163,wmoretone6@google.pl,F,80
512,072 Barnett Hill,Utrecht (stad),665-820-6586,ocristofore7@acquirethisname.com,F,83
513,276 Farragut Alley,Morioka-shi,673-971-0618,cmacphaile8@nature.com,F,77
514,4209 Claremont Crossing,Clifden,514-798-1071,iiannuzzellie9@bbc.co.uk,F,60
515,99652 Fremont Trail,Tongliao,517-530-8694,mkempshallea@usa.gov,F,66
516,41694 Havey Alley,Brzeźnica,843-196-3438,sbuckneyeb@virginia.edu,F,73
517,9500 Colorado Alley,Sigetec,439-104-2598,lfinanec@rediff.com,F,81
518,54 Artisan Street,Psevdás,805-669-7332,bjimeed@ning.com,M,29
519,7318 Chinook Circle,San Diego,619-886-7804,bpenniee@spiegel.de,M,34
520,1445 Melrose Avenue,Cipicung,831-145-3637,rhartnessef@myspace.com,M,61
521,24 Monica Drive,Har Nur,735-823-4591,efrangelloeg@usatoday.com,M,48
522,7360 Texas Pass,Rotterdam postbusnummers,434-527-0376,rropeeh@hubpages.com,F,33
523,435 Hanson Park,Janiuay,378-675-3594,gnafzigerei@is.gd,F,51
524,71 Vahlen Avenue,Boston,857-116-2189,tdasej@earthlink.net,F,47
525,7 Mandrake Park,Paris 02,149-120-6856,amccrackenek@shutterfly.com,M,45
526,2415 Lakewood Gardens Trail,Ghāro,908-829-5116,dmucciel@mediafire.com,M,51
527,81773 Kings Trail,Covão da Carvalha,475-566-4071,jhenriem@unblog.fr,F,27
528,15 Pearson Plaza,Nggambel,618-396-7073,csodoren@elpais.com,M,87
529,86247 Warrior Hill,Berlin,527-642-6941,sryleyeo@behance.net,M,30
530,7 Waubesa Road,Eiriz,414-795-7925,mburrageep@nasa.gov,F,60
531,8 Ridge Oak Alley,Kass Wollof,261-565-1787,dhardwineq@deliciousdays.com,F,58
532,69 Banding Plaza,Estreito,982-128-0095,bdennistouner@google.co.uk,F,45
533,2826 Fairfield Alley,Pamyat’ Parizhskoy Kommuny,258-900-6556,adawkeses@si.edu,F,45
534,37 Anthes Lane,Nor Yerznka,443-239-2358,aludwikiewiczet@opera.com,F,68
535,26943 Sunfield Lane,Araçatuba,190-463-7439,bmcgroryeu@themeforest.net,F,36
536,671 Arapahoe Center,Dongtai,383-422-7952,cblunderfieldev@woothemes.com,F,76
537,71985 Shoshone Alley,Muff,626-718-3555,pcalfeew@icio.us,F,39
538,427 Longview Crossing,Machachi,587-891-5123,bhillettex@over-blog.com,F,45
539,88691 Northport Alley,Montbéliard,510-314-0392,prudgleyey@canalblog.com,M,31
540,72503 Novick Circle,Pyskowice,868-848-5840,lmalyjez@ameblo.jp,F,27
541,36178 South Pass,Qinling Jieban,995-784-1939,dbennionf0@google.fr,F,75
542,4 Rowland Park,Bry-sur-Marne,536-673-8673,ldewittf1@oaic.gov.au,M,63
543,02 Emmet Alley,Pyrzyce,616-595-5825,ssperaf2@bandcamp.com,M,51
544,2 Autumn Leaf Hill,Horten,334-208-8245,ldrachef3@oakley.com,F,90
545,7 Brown Lane,Tayug,912-878-4867,ugillisonf4@webmd.com,M,48
546,300 Sunnyside Avenue,Montería,631-158-6078,dhorleyf5@ted.com,M,30
547,5815 Longview Way,Furong,878-914-9652,mkonradf6@amazon.co.jp,M,80
548,06110 Bonner Street,Aurora,312-324-6586,estrivensf7@shareasale.com,M,62
549,09 Goodland Avenue,Tikiw,541-488-5235,fgainsboroughf8@sourceforge.net,F,84
550,1774 John Wall Pass,Huichang,604-826-7701,ldreierf9@ibm.com,M,60
551,27971 Dakota Center,Ishinomaki,508-943-3485,gmesiasfa@huffingtonpost.com,M,35
552,1469 Pierstorff Park,João Monlevade,491-744-5375,ddriscollfb@1und1.de,F,38
553,3973 Aberg Hill,Qinggis Han,595-510-5831,mbritianfc@microsoft.com,F,46
554,5065 Straubel Avenue,Kuhmo,175-537-4253,dskerrittfd@stanford.edu,F,22
555,7430 Melvin Center,Binawara,649-879-8674,lbeckinghamfe@4shared.com,M,28
556,82 Sheridan Park,Qibu,768-795-7919,aknoxff@ebay.co.uk,F,20
557,3274 Homewood Place,Miaoxi,350-655-0030,mtenantfg@shop-pro.jp,M,83
558,3031 Bashford Place,Bangassou,257-302-0333,solennikovfh@psu.edu,F,51
559,0129 Florence Parkway,Higashimurayama-shi,631-623-2288,cfirbanksfi@scientificamerican.com,F,83
560,14131 Golf Course Plaza,Ambarakaraka,663-349-6152,ppulhamfj@tuttocitta.it,M,24
561,332 Maple Road,Khombole,289-311-9434,htarpleefk@free.fr,F,72
562,907 Loeprich Street,Tyachiv,216-407-4380,thardestyfl@apple.com,F,21
563,477 Mitchell Place,Church End,487-736-2715,mwimsettfm@dailymail.co.uk,F,43
564,8495 Stang Junction,Kengyuan,307-572-9549,gsharvellfn@barnesandnoble.com,F,33
565,7429 Myrtle Parkway,Muang Sam Sip,835-613-8451,egowdridgefo@berkeley.edu,F,51
566,1 Norway Maple Point,Harar,324-702-2246,mbamberfp@boston.com,F,86
567,71378 Rigney Parkway,Washington,202-864-8012,apraillfq@topsy.com,F,71
568,483 Golf Alley,Kista,515-961-5444,ehalstonfr@w3.org,F,45
569,0 Welch Center,Pokrovskoye,827-739-4230,npaulifs@hao123.com,M,73
570,104 Debs Plaza,Buruanga,640-276-1394,bquiltyft@fastcompany.com,F,46
571,74780 Waubesa Way,Okulovka,993-660-2012,vswannfu@vimeo.com,F,82
572,3327 Commercial Place,Wujiabao,775-739-9045,dscarrattfv@chron.com,M,82
573,01684 Kensington Crossing,Sukaratu,832-218-4177,dcousensfw@pen.io,M,83
574,368 Grim Park,Daliyuan,848-393-3334,ehasellfx@washington.edu,F,42
575,929 Norway Maple Park,Naprawa,529-870-5683,lchampfy@wikipedia.org,F,56
576,95 Independence Center,Fortaleza,249-683-6036,spaulingfz@ebay.com,M,37
577,712 7th Street,Ticllos,937-279-6482,ktyzackg0@wunderground.com,F,73
578,01886 Weeping Birch Way,Requião,894-884-1813,tdemeisg1@usnews.com,M,38
579,1 Loomis Crossing,Ngelak,737-906-4489,cgoacherg2@ifeng.com,M,49
580,50801 7th Avenue,Hongqi,693-808-5342,cravenhillg3@marriott.com,M,57
581,339 Shopko Avenue,Várzea Alegre,187-140-5837,oconwellg4@sohu.com,M,85
582,47 Sunnyside Lane,Heitan,351-516-4608,jglisong5@vk.com,M,53
583,0 Butternut Terrace,Yushan,988-823-8187,cabatellig6@wsj.com,M,43
584,3 Bonner Park,El Marañón,633-438-5778,jhandkeg7@google.ca,M,54
585,1 Transport Junction,Odivelas,605-346-4227,gtopperg8@usgs.gov,M,56
586,47729 Roth Way,Paciran,667-432-5102,fbratleyg9@microsoft.com,M,26
587,77706 Hallows Avenue,Washington,202-203-6191,cholsonga@psu.edu,F,60
588,20611 North Street,Cibeunying,173-853-3366,twandrichgb@ycombinator.com,M,83
589,31 Dapin Street,Hostavice,757-289-7949,ksappellgc@usda.gov,F,85
590,756 Crowley Circle,Alaghsas,315-752-6513,vcordetgd@apple.com,F,65
591,08489 Manufacturers Court,Jangas,801-477-1226,bheyfieldge@mapquest.com,M,79
592,22 Mitchell Pass,Ma’an,977-846-6937,nsidebothamgf@house.gov,F,69
593,84 Mcbride Park,Karaidel’,481-495-9309,ccumesgg@devhub.com,F,63
594,5934 Buell Hill,Jenggawah,537-490-6716,krainongh@dedecms.com,M,34
595,4 Atwood Lane,Obispos,214-706-4649,fmckeighangi@jiathis.com,F,85
596,05 Clemons Terrace,El Capulin,859-908-1198,crussengj@japanpost.jp,F,87
597,8503 Scott Place,Makueni,141-715-6421,amcgoochgk@mapquest.com,F,40
598,0493 Park Meadow Way,Qanliko’l,468-267-9836,ldannehlgl@blogspot.com,M,44
599,79315 Larry Court,Taquarituba,777-222-2803,dauchterloniegm@hugedomains.com,F,73
600,5334 Corben Terrace,Touzao,768-131-8569,cortmanngn@paginegialle.it,M,42
601,454 Pawling Way,Shabqadar,698-234-5739,ccarreyettego@yandex.ru,F,78
602,25838 Leroy Road,Zhongying,634-777-3661,kgagegp@usnews.com,F,25
603,946 Oak Trail,Heishan,187-627-2752,jarnoldsgq@mac.com,F,21
604,2434 Steensland Park,Mýrina,820-536-7721,lkybertgr@smugmug.com,F,60
605,8 Haas Alley,Dūst Moḩammad Khān,500-886-7586,avaszolygs@zimbio.com,M,85
606,874 Tony Lane,Kamirenjaku,760-414-7243,asprowellgt@noaa.gov,M,74
607,55 Texas Street,Sagud-Bahley,630-673-9236,aancliffegu@photobucket.com,F,26
608,5 Dottie Trail,Offa,184-357-5640,tmilgv@shop-pro.jp,M,35
609,1252 Almo Point,Banqiao,557-205-5036,dketleygw@google.es,M,42
610,9088 Westerfield Point,Bafilo,310-866-0900,gcuppittgx@i2i.jp,M,79
611,40 Bayside Park,Naranjos,594-548-9896,igarriockgy@shutterfly.com,F,31
612,50362 Blackbird Circle,Nungga,439-223-3787,sbrainegz@nymag.com,M,90
613,8 Burrows Pass,Bududa,684-660-7505,amikalskih0@marketwatch.com,M,84
614,7016 Caliangt Street,Broniszewice,840-305-1591,nlarrosah1@wordpress.com,M,62
615,9 Westport Road,Gwanda,856-675-3554,sfishendenh2@chicagotribune.com,M,27
616,6 Browning Point,Ercheng,843-445-8950,ahowelsh3@theatlantic.com,F,45
617,96308 Village Green Junction,Batuna Satu,528-710-2440,dorgelh4@miibeian.gov.cn,M,77
618,2042 Darwin Place,Dayou,174-632-7275,pwinwoodh5@webnode.com,M,22
619,97 Monterey Court,Castanheira do Campo,153-976-8209,msammsh6@seesaa.net,F,90
620,72 Pleasure Way,Rayevskaya,111-560-2358,omccrachenh7@state.gov,M,75
621,5 Sugar Park,Pogwizdów,333-866-4461,bkoberah8@usnews.com,M,21
622,6 Chinook Way,Ḩājjīābād,192-708-9422,gostlerh9@cdbaby.com,F,64
623,593 Sugar Park,Shuozhou,133-618-7768,mkrelleha@godaddy.com,M,75
624,039 Elka Center,Крива Паланка,632-648-4668,mtomanhb@washingtonpost.com,M,30
625,56 Havey Drive,Karak City,450-506-3049,wmarielhc@patch.com,F,75
626,080 Marquette Road,Quchomo,146-601-1990,rlovegrovehd@spiegel.de,M,90
627,5727 Manitowish Trail,Fahraj,955-464-2479,gfavillhe@privacy.gov.au,M,81
628,96886 Summerview Trail,Miyoshi,808-995-3399,wrodolfihf@lycos.com,F,41
629,1 Birchwood Center,Kathmandu,881-753-1479,ceakleyhg@senate.gov,F,52
630,01337 Lindbergh Place,Yuhe,892-501-3374,cbocketthh@ebay.com,M,64
631,63585 Service Drive,Pasirreungit,283-494-8400,rfallenshi@vinaora.com,F,36
632,303 Golf View Junction,Dubti,694-586-8057,wspraberryhj@pbs.org,F,65
633,6 Del Sol Plaza,Gowa,377-242-5183,ddominkahk@cornell.edu,M,88
634,3 Ludington Hill,Elaiochóri,714-533-8391,ostutelyhl@tuttocitta.it,M,78
635,69 Jenifer Trail,Solnechnyy,569-365-2961,tgoadhm@google.ca,F,37
636,92905 Schlimgen Park,Noemuti,665-605-2909,ineathhn@alibaba.com,M,80
637,89 Carberry Crossing,Nanping,791-441-5319,wsilbersakho@mapquest.com,F,36
638,395 Westerfield Circle,Ferapontovo,900-142-9007,bdooguehp@seattletimes.com,F,55
639,6 Ruskin Street,Velizh,510-997-3667,stacklehq@ft.com,M,37
640,99 Sherman Street,Hanji,199-249-7723,tdurretthr@nhs.uk,M,61
641,6264 Swallow Street,Menghe,130-904-4938,gdefrainhs@theatlantic.com,F,83
642,1764 School Alley,Umi,658-479-9824,pwhittallht@cocolog-nifty.com,F,51
643,3 Morrow Terrace,Galimuyod,913-292-8057,washhu@wunderground.com,F,52
644,5 Clarendon Way,Dubki,192-130-4200,gcolsonhv@nba.com,M,73
645,18 Charing Cross Crossing,Czchów,783-653-9169,wmcneilleyhw@php.net,F,53
646,29294 Donald Court,Cheban,582-486-1966,bcairneyhx@tinypic.com,F,28
647,93 Vermont Lane,Ryazhsk,295-405-1444,swiltsherhy@e-recht24.de,F,26
648,29 International Way,Paris 18,501-752-2359,nshimonhz@fastcompany.com,F,72
649,324 Quincy Street,Shihuiqiao,969-590-0423,msneddoni0@multiply.com,M,66
650,651 Norway Maple Hill,Huochezhan,716-868-4398,bcaldronii1@dell.com,M,45
651,2206 Stoughton Trail,Xinyang,719-497-3826,xmcaulayi2@4shared.com,F,83
652,62 Florence Avenue,Dondon,975-186-4350,asawteri3@newsvine.com,F,26
653,56262 Main Circle,Vinica,180-710-3559,npinketti4@wufoo.com,M,37
654,8496 Morningstar Way,Chowṉêy,488-442-9750,athumimi5@youtube.com,F,76
655,9 Steensland Center,Cachada,973-955-2316,kwanklyni6@huffingtonpost.com,M,81
656,89273 Crescent Oaks Drive,Santa Cruz do Rio Pardo,464-246-3790,vrodgieri7@state.tx.us,F,23
657,07842 Schlimgen Place,Shushenskoye,834-162-6301,lfrancombi8@stumbleupon.com,F,82
658,3 Summit Terrace,Luhansk,254-140-5328,cpennymani9@unicef.org,F,67
659,95736 Truax Junction,Shixi,102-338-5909,hvidoia@businessweek.com,M,52
660,980 Springview Place,Bolilao,565-825-4744,lgounetib@dell.com,M,69
661,426 Acker Plaza,Polo,982-568-0773,golenchikovic@latimes.com,F,34
662,4 Heffernan Hill,Floresta,689-427-3096,aeckid@tmall.com,M,28
663,7047 Carioca Park,Longkali,462-751-0279,edundredgeie@quantcast.com,M,48
664,7 Union Center,Minusinsk,880-607-1244,wbraderif@nih.gov,F,72
665,3225 Forest Dale Crossing,Baruny,566-595-2841,hbugdellig@netscape.com,M,64
666,68027 Starling Crossing,Namballe,238-829-2723,sbiswellih@stanford.edu,F,38
667,114 Mitchell Court,Skövde,813-322-8148,gmosdallii@google.es,F,48
668,52901 Golf Road,Ferreiros,243-448-6026,mrubinovitchij@instagram.com,F,89
669,518 Eastwood Crossing,Cabanaconde,201-541-8946,bsorsbyik@wisc.edu,M,63
670,83 Hooker Road,Idvor,340-692-9193,amarstersil@army.mil,M,71
671,840 Welch Place,Kadubadak,240-952-7363,vmcdonaldim@cornell.edu,M,62
672,536 Dawn Parkway,Mojorembun,734-106-1169,hdonahoin@adobe.com,F,54
673,95437 Caliangt Terrace,Salaspils,865-547-1660,dlowfillio@prlog.org,M,87
674,27 Novick Drive,Shiree,414-110-4538,mlinsleyip@npr.org,F,54
675,55 Brickson Park Center,Olovyannaya,128-229-0253,gchaneyiq@vk.com,F,22
676,551 High Crossing Place,Liozon,100-433-6818,lpentelowir@marketwatch.com,M,56
677,5574 Artisan Park,Jiaoqi,134-995-8192,sgerrieis@blogger.com,M,45
678,05031 Aberg Center,Skokovi,329-971-7852,amerveilleit@deliciousdays.com,M,23
679,18 Anniversary Way,Hanji,310-224-1182,kquickiu@epa.gov,F,23
680,47 Waubesa Avenue,Phúc Thọ,896-252-2698,bjacquemeiv@woothemes.com,F,53
681,38 Elka Drive,Thị Trấn Trùng Khánh,142-164-9364,tcoshamiw@quantcast.com,F,48
682,75609 Hoffman Road,Rammūn,503-184-7586,nchaseix@google.co.jp,F,57
683,0964 Hauk Center,Al Ibrāhīmīyah,399-574-1480,rwinterbourneiy@homestead.com,F,84
684,8 Sage Court,Hukeng,584-600-0612,jloosiz@unicef.org,M,28
685,517 Towne Road,Sida,813-918-9563,emclleesej0@technorati.com,M,80
686,156 Warrior Trail,København,543-960-4250,dmosdillj1@google.pl,F,74
687,9 Delladonna Street,Carcavelos,839-734-7238,nmarnsj2@addtoany.com,F,36
688,9 Hayes Way,El Kef,608-243-3384,agordgej3@dot.gov,M,82
689,79 Eagan Crossing,Debre Zeyit,838-439-0325,cblumsomj4@theatlantic.com,M,24
690,3 American Hill,San Isidro,401-449-8148,fhaltonj5@marriott.com,M,80
691,43 Reinke Point,Paraíso,688-321-1369,cdomercj6@quantcast.com,F,31
692,87 Transport Parkway,Bảo Lộc,959-298-2972,cmenelawsj7@google.nl,M,25
693,92 Jay Circle,Korçë,376-566-6776,rolphertj8@china.com.cn,F,70
694,33 Portage Center,Skellefteå,700-793-8878,mborleyj9@ifeng.com,F,51
695,75046 Reinke Terrace,Kostrzyn nad Odrą,507-134-5498,kdackeja@amazon.co.jp,M,74
696,150 Delaware Trail,Norabats’,708-698-4293,kvasilovjb@google.ru,M,34
697,47458 Pennsylvania Road,Póvoa,651-741-1310,kfarbrotherjc@answers.com,M,30
698,3 Heath Parkway,Pajaten,458-762-5808,aconklingjd@intel.com,F,48
699,88150 Duke Terrace,Changwon,852-828-6694,rbassfordje@psu.edu,M,55
700,2 Ronald Regan Junction,Colendra,371-448-6076,onasijf@pcworld.com,F,22
701,70 Novick Hill,Zharkent,938-420-7217,gbutchartjg@amazon.de,F,29
702,45 Fallview Circle,Hammam-Lif,291-597-4567,jbellefantjh@slideshare.net,F,35
703,177 Saint Paul Center,Budzów,505-364-8975,shaberfieldji@boston.com,F,79
704,435 Nelson Hill,Adamstown,387-879-7567,bkopferjj@goo.gl,M,80
705,5 Goodland Lane,Ushuaia,771-518-3151,gdumbarejk@utexas.edu,F,52
706,2348 Ludington Alley,Nanlu,210-142-4501,wkeherjl@nature.com,M,73
707,6740 Fordem Junction,Maliuzui,763-350-6793,lmonceyjm@drupal.org,F,25
708,325 Brickson Park Court,Wuguishan,627-223-3557,wdemongeotjn@yahoo.co.jp,F,24
709,60 Lerdahl Plaza,Rentian,441-316-2519,ischrineljo@ihg.com,M,86
710,90 Dawn Road,Vichadero,826-785-5524,sreignoldsjp@netscape.com,M,21
711,795 Talmadge Pass,Hedi,766-488-5365,asamuelsjq@bloglovin.com,F,71
712,411 Fieldstone Alley,Huaqiao,103-960-3372,jaronsohnjr@dailymail.co.uk,F,83
713,04 Vermont Drive,Linshi,884-256-4025,kbootelljs@about.com,F,36
714,2 Upham Lane,Yerazgavors,650-355-1151,nberryclothjt@wix.com,M,45
715,80084 Michigan Plaza,Malonty,773-487-9587,ddowdneyju@tinypic.com,M,34
716,14719 Lindbergh Drive,Sukawaris,775-765-2600,djaskiewiczjv@ifeng.com,M,55
717,07 Cambridge Street,Dayr as Sūdān,107-466-4258,nwixeyjw@jigsy.com,F,21
718,4008 Lakeland Trail,Zhangzhu,101-751-3887,lmarkovicjx@shutterfly.com,M,20
719,105 Mayfield Terrace,Černošice,726-336-4437,coharajy@wufoo.com,M,54
720,425 Tennessee Hill,Port-au-Prince,413-590-6705,ewinchcombejz@topsy.com,F,36
721,26979 Carey Plaza,Paris La Défense,986-578-2269,cnewhamk0@mlb.com,F,71
722,82 Rusk Street,Höshigiyn-Ar,345-937-7169,jcolleckk1@independent.co.uk,F,81
723,41310 Sloan Trail,Xiajiashan,253-455-6887,glehrerk2@yelp.com,F,81
724,02303 Summer Ridge Drive,Porangatu,644-401-7225,swhyattk3@google.es,M,21
725,557 Elka Center,Cipicung,881-797-8662,trachuigk4@howstuffworks.com,M,31
726,47036 Prentice Center,Dashi,514-724-7487,bgantleyk5@yellowbook.com,F,33
727,2 Lunder Center,Káto Asítai,719-850-8279,rtottmank6@yahoo.co.jp,M,51
728,73313 Memorial Trail,Huyuan,629-163-9556,acrollmank7@vk.com,M,54
729,6 Quincy Center,Ntsoudjini,203-882-2806,tslowgrovek8@123-reg.co.uk,M,46
730,822 Petterle Road,Palestina,483-152-0470,ssibbek9@nifty.com,F,47
731,648 Maple Wood Park,Otradnoye,877-548-8087,emateuka@alibaba.com,M,44
732,176 Onsgard Junction,Qianying,321-141-7176,dtiesmankb@indiatimes.com,M,57
733,9 Schlimgen Center,Al Nashmah,504-598-1117,pherreroskc@tripod.com,F,79
734,80488 Schurz Pass,Independencia,275-570-8010,smammattkd@drupal.org,M,90
735,77317 Marcy Park,Round Rock,512-846-0936,cdossitke@cdbaby.com,F,86
736,2785 Eliot Alley,Al Ibrāhīmīyah,964-968-9348,hsallerykf@google.com.hk,M,60
737,231 Burning Wood Crossing,Wachira Barami,519-289-5899,fetheringtonkg@surveymonkey.com,F,82
738,67467 Nelson Crossing,Angochi,130-173-0320,khetterichkh@booking.com,M,24
739,091 Thierer Avenue,Zürich,106-218-4727,ihambeltonki@miibeian.gov.cn,F,33
740,0818 Pearson Pass,Kallithéa,791-482-0005,stumpanekj@rediff.com,F,52
741,809 Havey Point,Chengzhong,441-877-3026,rmeaderskk@mozilla.org,M,62
742,9025 Burrows Road,Höganäs,656-116-9474,bmappkl@blog.com,M,88
743,61 Ohio Lane,Itaqui,724-929-6787,agaydenkm@smh.com.au,M,60
744,3 Autumn Leaf Lane,Rude,501-421-0958,bgorskn@virginia.edu,M,84
745,36 Stone Corner Drive,Newport News,757-585-2137,obootherko@last.fm,F,22
746,53 1st Hill,Belo sur Tsiribihina,566-151-2899,krotterkp@geocities.jp,M,87
747,0787 Kings Crossing,Liangjing,923-965-8841,gsenescallkq@lycos.com,F,52
748,14 Union Trail,Villa Regina,297-192-2877,mgalletlykr@adobe.com,M,84
749,242 Acker Way,Khemisset,219-557-9500,bcrutchks@icq.com,F,75
750,71 Summer Ridge Point,Washington,202-152-7492,mweatherleykt@a8.net,F,35
751,18091 Kingsford Circle,Pining,146-993-7838,twykeyku@sciencedaily.com,M,38
752,1517 Eastlawn Alley,Selaphum,741-741-5986,lmcwhinneykv@buzzfeed.com,M,75
753,7 Charing Cross Circle,Żywiec,234-267-9234,sformillikw@tinypic.com,M,63
754,643 Hayes Junction,Florianópolis,777-272-7201,apochetkx@bing.com,F,61
755,9587 Milwaukee Park,Taoyuan,684-731-5221,bderksky@comcast.net,M,68
756,967 Meadow Vale Lane,Lupon,496-743-7565,ktimebykz@sun.com,M,20
757,80143 Stephen Park,Phu Phiang,697-978-0934,emartinekl0@themeforest.net,F,53
758,2 Sycamore Junction,Guanay,736-424-6083,rbuddl1@go.com,M,77
759,1 Fordem Alley,Chartres,374-210-8217,tjelll2@barnesandnoble.com,F,66
760,20 Holmberg Place,Sayḩūt,265-936-8199,ofrostickl3@ebay.co.uk,M,85
761,3 Crowley Parkway,Eshan,485-708-7847,dgeertzl4@vistaprint.com,M,86
762,03421 Bashford Junction,Canga’an,562-978-2192,ptenbroekl5@qq.com,M,63
763,28 Russell Lane,Asan,795-436-2452,sneweyl6@csmonitor.com,M,36
764,37869 Annamark Way,Hashaat,932-635-8292,nmatteuccil7@cyberchimps.com,M,83
765,958 Everett Way,Smederevska Palanka,765-164-4132,jpittl8@businessweek.com,F,52
766,34398 Hooker Drive,Uppsala,541-156-0619,gblaschkel9@springer.com,M,64
767,8165 Anzinger Park,Xiaomiaozi,528-482-1679,hgiovannellila@usnews.com,M,48
768,4873 Maryland Junction,Xiangzhou,355-572-2148,gbowlesworthlb@wordpress.org,F,49
769,2867 Di Loreto Center,Bagacay,755-197-1943,vspybylc@omniture.com,F,45
770,09 Del Mar Hill,Jeruk,833-968-4577,elibbeld@smh.com.au,M,69
771,7 Pleasure Hill,Guangli,747-335-1147,cdreschele@weebly.com,F,58
772,60 Lyons Junction,Kostrzyn nad Odrą,974-446-1295,abrixhamlf@youtube.com,F,24
773,581 Delaware Pass,Charleville-Mézières,807-623-7028,gkellslg@virginia.edu,F,33
774,4 Trailsway Place,Bogi,598-654-0982,jiacabuccilh@earthlink.net,F,83
775,96913 Talisman Court,Orange Farm,813-403-2273,ralvarli@wp.com,F,39
776,12421 Iowa Street,Longjiang,957-340-7902,jmoodycliffelj@hubpages.com,M,26
777,7361 Independence Avenue,Salgueiro,145-723-8707,sskilbecklk@washington.edu,F,28
778,0898 Hoard Terrace,Sant Julià de Lòria,973-137-7078,ggreensittll@sogou.com,F,65
779,0813 5th Plaza,Dassa-Zoumé,998-828-6524,rgirtinlm@youku.com,M,50
780,8452 Grasskamp Circle,Aemura,523-296-1967,gdevasln@qq.com,F,59
781,46179 Main Hill,Agualva de Cima,499-294-6117,mkleebornlo@sciencedirect.com,F,85
782,329 Dryden Junction,Lianxia,138-166-2999,mguerrierilp@cisco.com,F,24
783,52622 Anthes Center,Manjacaze,778-819-0695,ccreaseylq@ibm.com,F,24
784,040 Cottonwood Alley,Nyrkiv,753-180-5042,mtydemanlr@jimdo.com,F,21
785,50 Barby Crossing,Cidikit Girang,346-471-2672,aclouttls@tumblr.com,M,23
786,8 Oriole Place,Gyumri,507-237-3237,eshingfieldlt@barnesandnoble.com,F,85
787,551 Kingsford Road,Launceston,318-395-7704,caugustinelu@tumblr.com,M,34
788,8 Prairie Rose Center,Svetlogorsk,642-345-9205,dsancholv@ask.com,M,22
789,016 Farragut Park,Ngã Bảy,901-696-6978,agrivorilw@sogou.com,M,26
790,8261 Gale Crossing,Koumra,300-883-3393,jswinneylx@nba.com,M,32
791,4 Truax Terrace,Kasama,670-423-4652,dhalahanly@livejournal.com,M,43
792,3 Vernon Center,Kasugai,266-642-1415,kwinsomlz@artisteer.com,F,49
793,43 Anthes Avenue,Sugiharjo,821-499-6484,ibawcockm0@berkeley.edu,F,76
794,716 Fairfield Terrace,Butterworth,407-882-4694,cghidonim1@nbcnews.com,F,59
795,5 Rowland Park,San Isidro,844-103-5274,cmessamm2@netvibes.com,F,34
796,1205 Algoma Lane,Metlika,281-351-6584,mshimmansm3@soup.io,M,62
797,8613 Portage Street,Puricay,196-340-7273,eloneym4@51.la,M,57
798,9 Shasta Crossing,Algés,793-302-1679,sdeandisiem5@sourceforge.net,F,49
799,90956 Springs Park,Municipio de Copacabana,227-570-5784,cbruhnickem6@tinypic.com,M,53
800,9 Monica Circle,São Carlos,556-773-7041,jrankenm7@nydailynews.com,F,90
801,06 Washington Trail,Pensacola,850-843-0005,balleynm8@boston.com,F,31
802,77 Nevada Trail,Gonayiv,314-759-7483,ofibbensm9@columbia.edu,M,26
803,9 Eliot Avenue,Silver Spring,301-374-4844,smoseyma@opera.com,M,44
804,1639 Namekagon Pass,Wrząsowice,283-742-4773,reathornemb@eventbrite.com,F,23
805,31 Anderson Park,Peace River,879-311-4975,wstroulgermc@oaic.gov.au,M,64
806,66 Dryden Point,Jingxiyuan,962-159-5920,yneadsmd@amazon.com,F,52
807,53140 Sundown Court,Caticugan,727-795-7969,tlanfareme@friendfeed.com,M,21
808,989 Boyd Center,Geta,332-533-2295,rboldtmf@google.ca,F,48
809,62280 Dennis Lane,Masallātah,118-152-7261,acarnilianmg@imageshack.us,M,88
810,93364 Lighthouse Bay Junction,Khueang Nai,476-556-6755,ccoundleymh@webeden.co.uk,M,24
811,7 Dottie Way,Jiaowei,369-221-6897,hmoultriemi@typepad.com,M,80
812,7900 Charing Cross Park,Västerås,701-752-7707,rmarietmj@vkontakte.ru,M,23
813,95 Pawling Hill,Cotaparaco,566-102-2212,aweblingmk@exblog.jp,F,43
814,33739 Becker Circle,Ulundi,258-520-0224,dfigginsml@netlog.com,F,39
815,449 Hanover Lane,Kanginan,496-839-9504,fcarnowmm@mashable.com,M,84
816,418 Briar Crest Circle,Dulce Nombre de Culmí,933-357-6352,matkinmn@tuttocitta.it,M,85
817,642 Bluestem Pass,Neftegorsk,870-698-3465,jbranscombmo@si.edu,F,73
818,73909 5th Point,Sakai-nakajima,312-751-1941,lmarionmp@1688.com,M,47
819,6265 East Road,Sinarharapan,487-944-4308,svadermq@cisco.com,F,88
820,49396 Delladonna Pass,Pasonobenu,960-904-0828,pmardeemr@economist.com,F,70
821,3085 Hooker Drive,Memaliaj,696-978-8270,ldongallms@dmoz.org,F,76
822,33213 Harbort Avenue,Asembagus,505-851-4773,oferrigemt@sciencedirect.com,M,77
823,41760 Schurz Way,Tumaco,302-122-4160,lnannmu@theatlantic.com,F,47
824,01855 Derek Alley,Zhuanqukou,819-954-9819,plaightmv@posterous.com,M,67
825,0 Schurz Trail,Nzeto,277-844-9020,awattonmw@cloudflare.com,F,22
826,58 West Lane,Angoulême,741-314-8733,thuskissonmx@apache.org,M,59
827,17820 Green Ridge Plaza,Stubno,182-534-9298,ascolesmy@europa.eu,M,79
828,4367 Hanson Junction,Braço do Norte,197-574-7095,hcrevymz@si.edu,M,34
829,49 Pierstorff Pass,Singkir,875-518-0436,tbruffn0@naver.com,F,39
830,25176 Orin Place,Noramarg,643-863-7198,rhannantn1@google.de,F,59
831,6 Delaware Plaza,Puerto Esperanza,223-819-4350,auttermaren2@dailymail.co.uk,M,41
832,943 Loftsgordon Street,Newton,267-760-5290,ostedelln3@yellowbook.com,F,60
833,55748 David Parkway,Bhātpāra Abhaynagar,763-494-0879,aboddien4@moonfruit.com,M,67
834,83 Elgar Crossing,Road Town,729-519-9606,whalletn5@ow.ly,F,26
835,0453 Granby Place,El Viejo,141-295-6790,ghoffnern6@uol.com.br,M,46
836,28837 Lien Point,Kham Sakae Saeng,790-695-2412,bgalletlyn7@time.com,F,72
837,5 Portage Circle,Martapura,171-498-4330,dmountcastlen8@hatena.ne.jp,M,27
838,68 Victoria Trail,Sabana Grande de Boyá,440-202-7589,kagronskin9@netscape.com,F,52
839,45216 West Place,Madison,608-991-9913,abulfordna@spotify.com,F,30
840,87032 Randy Trail,Bakersfield,661-399-8815,bdowlesnb@bigcartel.com,M,57
841,216 Emmet Street,Kaseda-shirakame,388-899-1660,isurridgenc@prnewswire.com,M,27
842,7023 Huxley Alley,Xiadong,912-603-5988,rstricklernd@china.com.cn,F,62
843,6 Victoria Parkway,Zhongying,333-910-5529,sperinne@ted.com,M,22
844,03 Dwight Park,Cikarang,821-862-4108,mpolnf@whitehouse.gov,F,48
845,81 Dexter Alley,Breu,628-263-2313,abiltonng@tiny.cc,F,90
846,0586 Briar Crest Parkway,Conroe,936-793-4198,draddenburynh@livejournal.com,F,53
847,867 Transport Trail,Callanca,373-305-8138,spidgleyni@facebook.com,F,29
848,7 Donald Crossing,Villa de Soto,776-828-6884,omcgluenj@army.mil,F,28
849,03344 Northview Circle,Lianyuan,775-593-1674,rgrassotnk@com.com,M,37
850,0665 Amoth Hill,Orodara,765-147-0419,pbrixeynl@newsvine.com,M,79
851,00 Sundown Hill,Ledenice,553-318-6712,dcattlenm@drupal.org,F,26
852,31769 Holmberg Court,Kolmården,450-837-8941,ldrayseynn@arstechnica.com,M,63
853,482 Nova Hill,Lyublino,936-723-8467,jsawyersno@bbb.org,M,52
854,18 Village Pass,Kristiansand S,248-861-0262,tgiercknp@jiathis.com,M,70
855,63210 Bartillon Way,Pavlivka,408-297-2816,rprykenq@marketwatch.com,M,21
856,0 Armistice Lane,Magan,199-808-3800,peburnenr@reference.com,M,83
857,2376 Cordelia Street,Baishan,774-179-0135,koliverasns@jalbum.net,M,29
858,131 Crescent Oaks Drive,Tucurú,801-162-2631,rlazarent@mozilla.org,F,61
859,441 Reindahl Road,Daeosin Satu,881-882-5955,abamblettnu@bloglovin.com,F,78
860,921 Westport Park,Saronída,597-670-7081,salesnv@samsung.com,M,88
861,78 Center Drive,Eira da Pedra,404-324-7680,hcrowleynw@prnewswire.com,M,42
862,07 Anhalt Center,Sacramento,984-429-4658,hjaymenx@state.tx.us,F,68
863,6678 Anhalt Court,Bayt Maqdūm,227-265-1978,gheinlny@amazon.co.jp,M,24
864,37240 Pawling Hill,Enhtal,734-546-7612,bdohmsnz@wufoo.com,F,36
865,542 Sauthoff Parkway,Huangling,452-734-4286,gkeywoodo0@omniture.com,M,67
866,1 Montana Avenue,Hřebeč,723-937-3933,clechmereo1@abc.net.au,F,26
867,2498 Southridge Trail,Hujiaying,765-867-1268,mwevello2@privacy.gov.au,F,56
868,43118 Maryland Center,Jiangshi,148-145-2917,pthunnercliffo3@nytimes.com,M,28
869,71 Reinke Street,Yaroslavskaya,525-144-4352,mstirrupo4@ucoz.com,F,87
870,92644 Lyons Junction,San Carlos,203-973-2599,bbastiano5@zimbio.com,F,49
871,36575 Bellgrove Alley,Córdoba,944-450-4602,aburgoto6@rambler.ru,M,47
872,72755 Declaration Alley,Bagumbayan,194-814-5098,aclemmowo7@comcast.net,F,84
873,0 Gina Terrace,Kawaliwu,820-272-7012,atillyo8@europa.eu,F,23
874,007 Ilene Avenue,Wotho,350-991-9076,ksothebyo9@admin.ch,F,81
875,65173 Hintze Alley,Mandikbatu,750-525-3011,grourkeoa@imageshack.us,F,56
876,49246 Southridge Hill,Campo Largo,796-177-3226,fmodenob@google.com.hk,M,82
877,9437 Loftsgordon Drive,Metz,151-839-2790,lrowthorneoc@about.com,M,47
878,7 Hazelcrest Terrace,Xinhua,182-922-8739,zfarrinod@sphinn.com,M,49
879,504 Saint Paul Place,Subaykhān,996-212-6149,hcoucheroe@hp.com,F,25
880,064 Almo Crossing,Igreja,897-184-6953,dlidierthof@typepad.com,M,61
881,0172 Reindahl Terrace,Atyrau,668-811-9324,jmargremog@japanpost.jp,M,38
882,96336 Del Sol Center,Badung,419-337-6121,lsiviteroh@scientificamerican.com,M,42
883,3509 Lotheville Park,Munsan,988-418-4099,epicardoi@livejournal.com,M,38
884,0 1st Terrace,Várzea da Serra,112-556-6096,mgodbertoj@gizmodo.com,F,77
885,804 Monument Circle,Lycksele,255-190-8244,arockallok@skyrock.com,M,74
886,8 Carey Point,Songhu,856-437-8806,rmowsdaleol@wired.com,F,30
887,88 Graedel Street,Крива Паланка,565-446-2440,cemorom@github.com,F,70
888,15 Oxford Alley,Quba,562-263-7052,gpincheson@nytimes.com,F,78
889,2 Portage Circle,Banjarejo,244-724-4447,krollasonoo@youtu.be,F,71
890,0 Arkansas Trail,Dharān Bāzār,899-519-1613,bchecoop@cnn.com,M,89
891,2 Gerald Pass,Baruunturuun,378-326-0144,hmurtimeroq@people.com.cn,M,31
892,176 Heath Circle,Momanalu,378-588-6919,msymcoxeor@about.com,F,61
893,9056 Thompson Pass,Chengbei,296-773-7067,rfirleos@wisc.edu,F,26
894,2 Fulton Street,Kifrī,268-971-9625,cattackot@qq.com,M,44
895,8 Lakeland Terrace,Zhenqian,359-167-6329,dlortzou@de.vu,F,53
896,9 Magdeline Alley,Chunoyar,172-501-0387,elaughrenov@e-recht24.de,M,24
897,1 Ridgeview Center,Al Quwaysimah,935-663-5353,gdeppeow@creativecommons.org,M,59
898,40 Crowley Point,Tuka,475-626-8901,vvowdenox@theguardian.com,F,82
899,8 2nd Circle,Colorado Springs,719-602-9525,lbeacroftoy@posterous.com,M,46
900,43456 Surrey Point,Keumala,134-110-8123,etinsleyoz@addthis.com,F,46
901,43 Towne Hill,Chandler,602-178-6811,cmattingleyp0@walmart.com,M,53
902,4694 Twin Pines Park,Salawu,239-824-9155,htrenamp1@plala.or.jp,F,27
903,7898 Mallard Parkway,Gornyye Klyuchi,763-223-6273,avereckerp2@ucla.edu,M,50
904,4500 Stuart Trail,Monção,146-641-2136,creisp3@dailymail.co.uk,F,49
905,236 Nevada Junction,Denver,303-101-3669,cmcturleyp4@ft.com,F,45
906,607 Maryland Hill,Tiannan,142-435-5691,mswindellp5@hibu.com,M,28
907,7619 Melrose Trail,Sotíra,818-711-3974,etwaitsp6@utexas.edu,F,45
908,6 Dovetail Court,Shatoujiao,571-809-0323,cswaislandp7@joomla.org,F,50
909,219 Paget Terrace,Kŭrdzhali,843-599-2022,wsproulep8@freewebs.com,F,59
910,9246 Jenifer Terrace,Temuji,849-390-1027,burlinp9@macromedia.com,M,55
911,61 Leroy Parkway,Arras,656-472-7664,mpatsallpa@digg.com,F,31
912,35785 Dwight Avenue,An Châu,143-636-8523,gchadbournepb@chronoengine.com,M,23
913,08 Twin Pines Court,Villa del Rosario,982-929-6201,mhelbeckpc@va.gov,F,61
914,7 Hoffman Road,Dowsk,931-992-7843,klidstonepd@yellowbook.com,M,62
915,7 Dovetail Lane,Černý Most,763-899-7638,gsavegepe@lycos.com,F,53
916,7 Hoffman Crossing,Bilbays,818-942-8302,mpunterpf@etsy.com,M,33
917,3224 Lien Circle,Oslo,916-603-9556,languspg@stanford.edu,M,38
918,07293 Corben Trail,Kiarajangkung,665-621-6467,bluisettiph@google.cn,F,84
919,4916 Jay Street,Grevená,693-353-6286,gblakemorepi@over-blog.com,M,50
920,3072 Oneill Alley,Thị Trấn Than Uyên,136-113-6040,dberthomepj@ft.com,M,89
921,539 Eggendart Plaza,Youyang,709-123-2597,ajoaopk@phpbb.com,F,83
922,0 Hazelcrest Parkway,Huaikan,395-958-5607,jeaclepl@addthis.com,M,23
923,7 Bayside Point,Miramar,855-607-1695,bsienepm@google.it,M,90
924,73789 Mallory Lane,Avaré,581-427-1710,cspellessypn@dmoz.org,M,25
925,393 Manley Plaza,Santa Cruz,397-830-1037,anoddingspo@foxnews.com,M,22
926,74485 Boyd Drive,Buenlag,849-341-8703,snystrompp@g.co,M,53
927,6 Green Avenue,Radiměř,403-544-7530,jpeddiepq@desdev.cn,F,42
928,0 Mitchell Pass,Huata,700-734-3826,aalleburtonpr@hostgator.com,F,67
929,509 Division Road,Zhongba,261-949-5141,fgonsalops@reddit.com,M,75
930,4 Delaware Place,Chapultepec,816-545-4140,bratazzipt@bandcamp.com,F,85
931,36 Esch Park,Al ‘Azīzīyah,755-451-3875,afitchenpu@sitemeter.com,M,28
932,7 Morrow Terrace,Torsås,788-567-7259,mstockneypv@dailymail.co.uk,F,43
933,6 Lyons Hill,El Zulia,615-288-6514,jtoogoodpw@nymag.com,M,34
934,65825 Springview Hill,Imtarfa,351-507-8217,cjoiceypx@storify.com,M,49
935,133 Thackeray Plaza,Nässjö,246-116-8310,jstarmerpy@printfriendly.com,F,40
936,57 Hoffman Court,Vila Franca das Naves,877-250-8216,ahissiepz@goodreads.com,F,26
937,324 Superior Avenue,Dafeng,437-229-7631,sdanihelkaq0@mtv.com,F,60
938,36840 Blue Bill Park Lane,Turrialba,563-440-5560,iwulfingerq1@ezinearticles.com,F,30
939,79450 Everett Plaza,Sápes,595-286-0308,kcouldwellq2@china.com.cn,F,46
940,31725 Forest Dale Plaza,Huxingshan,822-179-8662,apitchfordq3@cargocollective.com,M,21
941,0 Raven Crossing,Mafraq,507-956-5694,snapoliq4@ucoz.ru,M,66
942,74693 Dovetail Lane,Kondrovo,483-308-3532,hgeorgeotq5@census.gov,F,53
943,9556 Dixon Circle,Outing,414-906-1003,znuddsq6@virginia.edu,M,51
944,39 Fremont Pass,Tagnanan,832-485-9534,hnapolioneq7@squidoo.com,M,76
945,3 Little Fleur Way,Sugcad,372-493-9299,bchevinq8@archive.org,M,55
946,7 Cardinal Street,Sandy Bay,895-146-2767,oescolmeq9@reuters.com,F,73
947,51 Bultman Street,Ndendé,957-766-6134,rtellingqa@last.fm,M,52
948,9143 Goodland Plaza,Magallanes,401-586-4636,gkochsqb@ted.com,F,52
949,38 Hollow Ridge Plaza,San-Pédro,640-321-7649,atriggleqc@ox.ac.uk,F,57
950,43132 Leroy Way,Usu,626-476-4268,psturrockqd@sun.com,F,78
951,82173 Fuller Point,Baohe,861-147-0347,mshieberqe@squarespace.com,M,88
952,5 8th Court,Qingshuihe,528-286-3632,rtappinqf@gmpg.org,F,35
953,7995 Sauthoff Trail,Mulyorejo,601-157-8594,nhainqg@smugmug.com,M,26
954,50920 Straubel Place,Al Jaghbūb,481-113-1696,jstallonqh@sun.com,F,58
955,78 Novick Plaza,Hexi,990-146-0611,jfilipczakqi@about.me,M,83
956,4 Buhler Circle,Siquanpu,533-971-6010,rshuteqj@instagram.com,F,50
957,7926 Stone Corner Street,Sūrāb,517-507-2895,ppenhalewickqk@ucla.edu,F,20
958,94872 Erie Court,Lobitos,448-177-4507,tbillinql@nymag.com,F,24
959,02050 Del Mar Way,Hua Hin,707-386-1593,rdequinceyqm@imageshack.us,M,22
960,1459 Merrick Park,Wuxiang,287-889-1887,nwalczakqn@hao123.com,M,42
961,69399 Pepper Wood Hill,Huinca Renancó,298-989-0700,amalenoirqo@cargocollective.com,F,42
962,032 Trailsway Plaza,Getazat,637-364-1669,astonhewerqp@360.cn,M,90
963,4586 Northfield Pass,Orekhovo-Borisovo Severnoye,524-466-8255,hjeromeqq@creativecommons.org,M,88
964,8854 Calypso Plaza,Margahayukencana,211-783-7588,ecammockqr@indiatimes.com,F,64
965,702 Holmberg Crossing,Cholet,166-353-5070,aackermannqs@issuu.com,M,41
966,2 Del Mar Park,Mazyr,554-156-3311,fshinfieldqt@paypal.com,F,86
967,2 Dorton Hill,Cibitung,785-673-5058,vhrishchenkoqu@quantcast.com,M,69
968,0967 7th Plaza,Xinzhu,833-419-5695,ebastockqv@mapy.cz,F,80
969,57946 Tomscot Park,Neob,647-247-9329,egiovanazziqw@whitehouse.gov,F,64
970,4409 Hovde Court,Sabinópolis,684-286-8707,ceardqx@lulu.com,M,57
971,83325 Kensington Plaza,Popovice,167-778-4723,kstanggjertsenqy@ucla.edu,M,80
972,5127 Village Point,Tongqiao,251-636-2809,htillardqz@smh.com.au,M,44
973,49 Hanover Trail,San Jose,650-273-1012,ktremmilr0@printfriendly.com,M,74
974,742 Graceland Parkway,Ngurensiti,887-780-2310,snowillr1@flavors.me,F,36
975,54 Stuart Alley,Kosmonosy,274-598-1646,mvollethr2@bing.com,M,31
976,5 Del Sol Alley,Prokhorovka,407-932-6006,cpreciousr3@pbs.org,F,58
977,21909 Lake View Hill,Kloangrotat,381-665-0104,icaveneyr4@alibaba.com,M,90
978,07 Emmet Avenue,Bangkle,767-804-6736,mshervingtonr5@psu.edu,M,37
979,02 Merrick Way,Kribi,564-165-4904,cbrusbyr6@acquirethisname.com,M,26
980,26399 East Parkway,Zlín,716-375-9641,golwenr7@aol.com,F,78
981,497 Oak Valley Crossing,Oulmes,569-781-3716,stollemacher8@princeton.edu,F,65
982,8762 Roxbury Circle,Septfontaines,271-261-2404,ggoodersonr9@google.es,F,33
983,54 Grasskamp Place,Glamoč,517-836-4022,thuonicra@google.pl,M,79
984,7 Arapahoe Park,Ambarita,658-525-9230,nbarltroprb@latimes.com,F,43
985,63290 Farwell Plaza,Lincheng,830-459-2305,beamrc@phoca.cz,F,29
986,4438 Spenser Way,Gia Nghĩa,843-640-8050,smacdirmidrd@vistaprint.com,F,49
987,828 Valley Edge Alley,Mérignac,167-800-9080,tpenderedre@youku.com,F,78
988,31 Washington Hill,La Coipa,626-151-5038,mjachimczakrf@bloglines.com,F,62
989,6 Jackson Place,Kalahang,491-334-4351,moneillrg@imgur.com,M,28
990,642 Carioca Alley,Marevo,627-808-8451,pmertinrh@weebly.com,F,25
991,4128 Grover Parkway,Assiniboia,729-332-4442,drowellri@forbes.com,F,46
992,4 Novick Crossing,Betong,536-210-9979,obeecroftrj@reddit.com,F,90
993,19 Nelson Crossing,Sennoy,123-854-6055,glivickrk@sourceforge.net,M,87
994,31 Jenifer Place,Jiangxigou,491-196-2231,ogusneyrl@weather.com,F,83
995,86 Twin Pines Road,Uppsala,529-780-1707,jhemblingrm@narod.ru,M,75
996,6819 Cascade Terrace,Kotauneng,961-939-4651,jtennyrn@unicef.org,F,74
997,1371 Sage Pass,Parbatipur,265-579-0645,wclellero@paypal.com,F,47
998,07 Burrows Street,Shanghu,182-455-7184,kdablinrp@wsj.com,F,72
999,73101 Merchant Way,Zaria,582-699-0428,lbeamissrq@wp.com,M,24
1000,301 Merchant Avenue,Quezon,770-557-6498,ydockwrarr@usnews.com,F,35
